Authority Name,URL
Aberdeen City Council,https://integration.aberdeencity.gov.uk/service/Household_Waste_collection_Calendar
Aberdeenshire Council,https://online.aberdeenshire.gov.uk/Apps/Waste-Collections/
Adur District Council,https://www.adur-worthing.gov.uk/bin-day/
Amber Valley Borough Council,https://www.ambervalley.gov.uk/rubbish-waste-and-recycling
Angus Council,https://www.angus.gov.uk/bins_and_recycling/bin_collection_days
Antrim and Newtownabbey Borough Council,http://www.antrimandnewtownabbey.gov.uk/Residents/Waste-Recycling/Antrim-Bin-Checker
Ards and North Down Borough Council,http://www.ardsandnorthdown.gov.uk/resident/bins-and-recycling/bin-collection-dates
Argyll and Bute Council,https://www.argyll-bute.gov.uk/planning-and-environment/bin-collection
"Armagh City, Banbridge and Craigavon Borough Council",https://www.armaghbanbridgecraigavon.gov.uk/resident/when-is-my-bin-day/
Arun District Council,http://www.arun.gov.uk/main.cfm?type=REFUSECOLLECTIONSE
Ashfield District Council,https://www.ashfield.gov.uk/residents/waste-and-recycling/
Ashford Borough Council,http://www.ashford.gov.uk/waste
Babergh District Council,http://www.babergh.gov.uk/waste-services/collection-days/
Barnsley Metropolitan Borough Council,https://www.barnsley.gov.uk/pid524
Basildon Borough Council,http://www3.basildon.gov.uk/website2/postcodes.nsf/frmMyBasildon?openform
Basingstoke and Deane Borough Council,http://www.basingstoke.gov.uk/bincollections
Bassetlaw District Council,https://www.bassetlaw.gov.uk/recycling-and-waste/bin-collection-days
Bath and North East Somerset Council,https://www.bathnes.gov.uk/rubbish-and-recycling
Bedford Borough Council,https://apps.bedford.gov.uk/bcs/search.aspx
Belfast City Council,http://www.belfastcity.gov.uk/bins-recycling/bins/bincollections.aspx
Birmingham City Council,https://www.birmingham.gov.uk/info/20009/rubbish_and_recycling
Blaby District Council,http://my.blaby.gov.uk/collections
Blackburn with Darwen Borough Council,https://www.blackburn.gov.uk/waste-and-recycling/bins
Blackpool Borough Council,http://www.blackpool.gov.uk/Residents/Waste-and-recycling/Bin-collections/Bin-collections.aspx
Blaenau Gwent County Borough Council,https://www.blaenau-gwent.gov.uk/en/resident/waste-recycling/
Bolsover District Council,https://www.bolsover.gov.uk/index.php?option=com_content&view=article&id=139
Bolton Metropolitan Borough Council,https://www.bolton.gov.uk/next-bin-collection
Borough Council of Kings Lynn and West Norfolk,https://www.west-norfolk.gov.uk/info/20174/bins_and_recycling_collection_dates
Borough of Broxbourne,https://ex.broxbourne.gov.uk/resident-recycling-and-waste-recycling/collection-dates-and-recycling-centres
Boston Borough Council,https://www.mybostonuk.com/find-your-bin-day/
"Bournemouth, Christchurch and Poole Council",https://www.bcpcouncil.gov.uk/Bins-waste-and-recycling/Bins/Bins.aspx
Bracknell Forest Council,https://www.bracknell-forest.gov.uk/bins-and-recycling/find-your-collection-day
Braintree District Council,https://www.braintree.gov.uk/forms/form/283/en/calendar_request_form
Breckland Council,http://www.breckland.gov.uk/rubbish
Brentwood Borough Council,http://www.brentwood.gov.uk/index.php?cid=2715
Bridgend County Borough Council,https://www.bridgend.gov.uk/residents/recycling-waste-and-environment/refuse-collections/
Brighton and Hove City Council,https://www.brighton-hove.gov.uk/node/321871
Bristol City Council,http://www.bristol.gov.uk/bins
Broadland District Council,https://www.southnorfolkandbroadland.gov.uk/rubbish/find-bin-collection-day
Bromsgrove District Council,http://www.bromsgrove.gov.uk/my-place/bins-and-recycling.aspx
Broxtowe Borough Council,https://www.broxtowe.gov.uk/for-you/waste-and-recycling/
Buckinghamshire Council,https://www.buckinghamshire.gov.uk/waste-and-recycling/household-bins-and-recycling/
Burnley Borough Council,https://www.burnley.gov.uk/residents/streetscene/recycling-and-waste
Bury Metropolitan Borough Council,http://www.bury.gov.uk/index.aspx?articleid=10493
Caerphilly County Borough Council,http://www.caerphilly.gov.uk/site.aspx?s=ZIyINmF1JYMpiIuezYGXDQ==
Calderdale Metropolitan Borough Council,https://www.calderdale.gov.uk/environment/waste/household-collections/collectiondayfinder.jsp
Cambridge City Council,https://www.cambridge.gov.uk/check-when-your-bin-will-be-emptied
Cannock Chase District Council,http://www.cannockchasedc.gov.uk/residents/waste-collection-check-your-dates
Canterbury City Council,https://www.canterbury.gov.uk/bin-collections
Carmarthenshire County Council,https://www.carmarthenshire.gov.wales/home/council-services/recycling-bins-and-litter/recycling-bin-collections/#.WwVmKdMvxTY
Castle Point Borough Council,http://www.castlepoint.gov.uk/main.cfm?MenuId=11462
Causeway Coast and Glens Borough Council,https://www.causewaycoastandglens.gov.uk/live/bins-and-recycling/recycling/blue-bin-recycling-calendars-1
Central Bedfordshire Council,http://www.centralbedfordshire.gov.uk/waste/bins/collection-day.aspx
Ceredigion County Council,https://www.ceredigion.gov.uk/English/Resident/Bins-Recycling/Recycling-Bin-Collection-Dates/Pages/default.aspx
Charnwood Borough Council,http://my.charnwood.gov.uk/recycling
Chelmsford City Council,https://www.chelmsford.gov.uk/bins-and-recycling/check-your-collection-day/
Cheltenham Borough Council,http://www.cheltenham.gov.uk/recycling
Cherwell District Council,https://www.cherwell.gov.uk/info/10/rubbish-and-recycling
Cheshire East Council,http://online.cheshireeast.gov.uk/MyCollectionDay/
Cheshire West and Chester Council,http://www.cheshirewestandchester.gov.uk/default.aspx?page=13582
Chesterfield Borough Council,http://www.chesterfield.gov.uk/Bin-Collection-Dates-952.html
Chichester District Council,http://www.chichester.gov.uk/wastecollectioncalendar
Chorley Council,https://myaccount.chorley.gov.uk/MyChorley.aspx
City and County of Swansea Council,https://www.swansea.gov.uk/recycling
City of Bradford Metropolitan District Council,https://www.bradford.gov.uk/recycling-and-waste/bin-collections/check-your-bin-collection-dates/
City of Cardiff Council,http://www.cardiff.gov.uk/ENG/resident/Rubbish-and-recycling/When-are-my-bins-collected/Pages/default.aspx
City of Edinburgh Council,http://www.edinburgh.gov.uk/recycling
City of Lincoln Council,https://www.lincoln.gov.uk/bins-recycling
City of London Corporation,http://www.cityoflondon.gov.uk/services/environment-and-planning/waste-and-recycling/household-waste-and-recycling/Pages/household-recycling.aspx
City of Westminster,http://cleanstreets.westminster.gov.uk/
City of Wolverhampton Council,http://www.wolverhampton.gov.uk/bincollections
City of York Council,https://www.york.gov.uk/WasteCollectionCalendar
Clackmannanshire Council,http://www.clacks.gov.uk/environment/wastecollection/
Colchester Borough Council,https://www.colchester.gov.uk/check-my-collection-day/#ValidationSummaryEntityFormView
Comhairle nan Eilean Siar,https://cne-siar.gov.uk/popular-tasks/bins-and-recycling/
Conwy County Borough Council,http://www.conwy.gov.uk/en/Resident/Recycling-and-Waste/Recycling-and-Waste.aspx
Cornwall Council,http://www.cornwall.gov.uk/my-area
Cotswold District Council,https://www.cotswold.gov.uk/bins-and-recycling/check-your-collection-day/
Council of the Isles of Scilly,http://www.scilly.gov.uk/waste
Coventry City Council,https://www.coventry.gov.uk/rubbish-recycling/household-bins
Crawley Borough Council,https://crawley.gov.uk/waste-and-recycling/household-collections/collection-days
Dacorum Borough Council,http://www.dacorum.gov.uk/home/environment-street-care/recycling-refuse-waste/household-waste-recycling/your-waste-collection-calendar
Darlington Borough Council,http://www.darlington.gov.uk/environment-and-planning/street-scene/revised-weekly-collection-lookup/
Dartford Borough Council,http://www.dartford.gov.uk/refuse
Denbighshire County Council,https://www.denbighshire.gov.uk/en/bins-and-recycling/bins-recycling.aspx
Derby City,https://secure.derby.gov.uk/binday/
Derbyshire Dales District Council,http://www.derbyshiredales.gov.uk/environment-and-waste/bins-recycling/when-is-my-collection
Derry City and Strabane District Council,https://www.derrystrabane.com/recycling
Doncaster Metropolitan Borough Council,http://www.doncaster.gov.uk/services/bins-recycling-waste
Dorset Council,https://www.dorsetcouncil.gov.uk/bins-recycling-and-litter/bins-recycling-and-litter
Dover District Council,http://www.dover.gov.uk/recycling
Dudley Metropolitan Borough Council,http://www.dudley.gov.uk/resident/bins-recycling/
Dumfries and Galloway Council,https://www.dumgal.gov.uk/article/21418/Kerbside-Waste-and-Recycling-Service
Dundee City Council,https://my.dundeecity.gov.uk/en/service/Bin_Collection_Calendar
Durham County Council,http://www.durham.gov.uk/bincollections
East Ayrshire Council,https://www.east-ayrshire.gov.uk/Housing/RubbishAndRecycling/Rubbishandrecycling.aspx
Eastbourne Borough Council,https://www.lewes-eastbourne.gov.uk/article/1158/When-is-my-bin-collection-day
East Cambridgeshire District Council,https://eastcambs-self.achieveservice.com/bincollections
East Devon District Council,http://eastdevon.gov.uk/recycling-and-rubbish/when-is-my-bin-collected/
East Dunbartonshire Council,https://www.eastdunbarton.gov.uk/residents/recycling-waste/bins-and-recycling
East Hampshire District Council,http://www.easthants.gov.uk/recycling-and-waste/bin-collections
East Hertfordshire District Council,https://www.eastherts.gov.uk/bins-waste-recycling
Eastleigh Borough Council,https://www.eastleigh.gov.uk/waste-bins-and-recycling
East Lindsey District Council,https://www.e-lindsey.gov.uk/mywastecollections
East Lothian Council,http://collectiondates.eastlothian.gov.uk/home.asp
East Renfrewshire Council,http://www.eastrenfrewshire.gov.uk/article/1555/When-is-my-bin-emptied
East Riding of Yorkshire Council,https://www.eastriding.gov.uk/environment/bins-rubbish-recycling/bins-and-collections/bin-collection-dates/
East Staffordshire Borough Council,http://www.eaststaffsbc.gov.uk/bins-rubbish-recycling/collection-dates
East Suffolk District Council,https://my.eastsuffolk.gov.uk/service/Bin_collection_dates_finder
Elmbridge Borough Council,https://www.elmbridge.gov.uk/waste-and-recycling/missed-bins/
Epping Forest District Council,https://www.eppingforestdc.gov.uk/recycling-and-rubbish/
Epsom and Ewell Borough Council,https://www.epsom-ewell.gov.uk/residents/recycling-and-waste
Erewash Borough Council,https://map.erewash.gov.uk/isharelive.web/myerewash.aspx
Exeter City Council,http://www.exeter.gov.uk/index.aspx?articleid=10184
Falkirk Council,http://www.falkirk.gov.uk/services/bins-rubbish-recycling/household-waste/bin-collection-dates.aspx
Fareham Borough Council,https://www.fareham.gov.uk/waste_collection_and_recycling/bincalendar.aspx
Fenland District Council,http://www.fenland.gov.uk/findyournearest
Fermanagh and Omagh District Council,http://www.fermanaghomagh.com/residential-services/environment-and-waste/waste-collection-calendar/
Fife Council,https://www.fife.gov.uk/kb/docs/articles/bins-and-recycling/household-recycling
Flintshire County Council,http://www.flintshire.gov.uk/en/Resident/Bins-Recycling-and-Waste/Check-your-bin-day.aspx
Folkestone and Hythe District Council,http://www.folkestone-hythe.gov.uk/recycling-waste-and-bins
Forest of Dean District Council,https://www.fdean.gov.uk/residents/bins-recycling/
Gateshead Metropolitan Borough Council,https://www.gateshead.gov.uk/article/1785/Bins-and-recycling
Gedling Borough Council,https://www.gedling.gov.uk/rubbish/
Glasgow City Council,https://www.glasgow.gov.uk/index.aspx?articleid=16567
Gloucester City Council,https://www.gloucester.gov.uk/environment-waste-recycling/waste-recycling-street-cleaning/bins-recycling/
Gosport Borough Council,https://www.gosport.gov.uk/refusecollections
Gravesham Borough Council,https://www.gravesham.gov.uk/bins-recycling
Great Yarmouth Borough Council,http://www.great-yarmouth.gov.uk/rubbish-and-recycling
Guildford Borough Council,http://www.guildford.gov.uk/yourguildford
Gwynedd Council,https://www.gwynedd.llyw.cymru/en/Residents/Bins-and-recycling/When-is-my-waste-collected.aspx
Halton Borough Council,https://webapp.halton.gov.uk/PublicWebForms/WasteServiceSearch.aspx
Harborough District Council,http://www.harborough.gov.uk/collections
Harlow Council,https://selfserve.harlow.gov.uk/
Hart District Council,https://www.hart.gov.uk/your-area
Hartlepool Borough Council,https://www.hartlepool.gov.uk/bincalendars
Hastings Borough Council,https://www.hastings.gov.uk/environment_planning/cleaner_hastings/waste_recycle/
Havant Borough Council,http://www.havant.gov.uk/rubbish-and-recycling
Herefordshire Council,https://www.herefordshire.gov.uk/environmental-protection/waste-management/refuse-household-bin-collection
Hertsmere Borough Council,https://www.hertsmere.gov.uk/Environment-Refuse--Recycling/Recycling--Waste/Recycling-and-Waste.aspx
High Peak Borough Council,http://www.highpeak.gov.uk/hp/bins
Hinckley and Bosworth Borough Council,https://www.hinckley-bosworth.gov.uk/collections
Horsham District Council,https://satellite.horsham.gov.uk/environment/refuse/refuse_cal1.asp
Hull City Council,https://www.hull.gov.uk/household-collections 
Huntingdonshire District Council,http://applications.huntingdonshire.gov.uk/applications/RefuseCalendarMVC
Hyndburn Borough Council,http://ww2.hyndburnbc.gov.uk/ListAccounts.aspx
Inverclyde Council,https://www.inverclyde.gov.uk/environment/recycling-and-waste-services/when-are-my-bins-collected
Isle of Anglesey County Council,https://www.anglesey.gov.uk/en/Residents/Bins-and-recycling/Household-waste-collection-on-Anglesey.aspx
Isle of Wight Council,https://www.iow.gov.uk/recycling-and-waste/your-collection-services/
Kirklees Council,http://www.kirklees.gov.uk/beta/your-property-bins-and-recycling.aspx
Knowsley Metropolitan Borough Council,http://www.knowsley.gov.uk/residents/housing.aspx
Lancaster City Council,http://www.lancaster.gov.uk/bins-recycling/bin-collection-calendar
Leeds City Council,http://www.leeds.gov.uk/residents/Pages/Check-your-bin-day.aspx
Leicester City Council,http://www.leicester.gov.uk/your-environment/recycling-and-waste/household-waste-collections
Lewes District Council,https://www.lewes-eastbourne.gov.uk/article/1163/Household-waste-collection-service
Lichfield District Council,https://www.lichfielddc.gov.uk/Residents/Environment/Recycling-bins-and-waste/Recycling-bins-and-waste.aspx
Lisburn and Castlereagh City Council,https://www.lisburncastlereagh.gov.uk/resident/bins-recycling/when-is-my-bin-collection-day
Liverpool City Council,http://liverpool.gov.uk/bins-and-recycling/bin-collection-dates/
London Borough of Barking and Dagenham,https://www.lbbd.gov.uk/bin-collection-days
London Borough of Barnet,http://www.barnet.gov.uk/household-waste
London Borough of Bexley,https://www.bexley.gov.uk/services/rubbish-and-recycling
London Borough of Brent,https://www.brent.gov.uk/recycling
London Borough of Bromley,http://www.bromley.gov.uk/downloads/download/34/waste_collection_service_calendars
London Borough of Camden,https://www.camden.gov.uk/check-collection-day
London Borough of Croydon,http://www.croydon.gov.uk/environment/rrandw/
London Borough of Ealing,https://www.ealing.gov.uk/info/201167/rubbish_and_recycling/2015/find_your_rubbish_and_recycling_collection_day
London Borough of Enfield,https://new.enfield.gov.uk/services/rubbish-and-recycling/household-collections/rubbish-and-recycling-collections/
London Borough of Hackney,https://hackney.gov.uk/rubbish
London Borough of Hammersmith & Fulham,https://www.lbhf.gov.uk/recycling-and-rubbish/rubbish-non-recyclables
London Borough of Haringey,https://www.haringey.gov.uk/environment-and-waste/refuse-and-recycling/bin-collections/collection-days
London Borough of Harrow,https://www.harrow.gov.uk/bins
London Borough of Havering,https://www.havering.gov.uk/info/20003/rubbish_and_recycling
London Borough of Hillingdon,https://www.hillingdon.gov.uk/rubbishandrecycling
London Borough of Hounslow,https://www.hounslow.gov.uk/homepage/86/recycling_and_waste_collection_day_finder
London Borough of Islington,https://www.islington.gov.uk/recycling-and-rubbish/recycling-and-rubbish-collections/recycling-and-rubbish-collection-times
London Borough of Lambeth,https://www.lambeth.gov.uk/rubbish-recycling
London Borough of Lewisham,http://www.lewisham.gov.uk/myservices/wasterecycle/your-bins/collection/Pages/default.aspx
London Borough of Merton,http://www.merton.gov.uk/refusecollection
London Borough of Newham,https://www.newham.gov.uk/Pages/Services/Recycling-household-collections.aspx
London Borough of Redbridge,https://www.redbridge.gov.uk/bins-waste-and-recycling/
London Borough of Richmond upon Thames,https://www.richmond.gov.uk/waste_and_recycling
London Borough of Southwark,http://www.southwark.gov.uk/bins/lookup
London Borough of Sutton,https://www.sutton.gov.uk/info/200449/waste_and_recycling/1578/when_are_my_bins_collected
London Borough of Tower Hamlets,http://www.towerhamlets.gov.uk/lgnl/environment_and_planning/recycling_and_waste/recycling_and_waste.aspx
London Borough of Waltham Forest,https://www.walthamforest.gov.uk/rubbish-and-recycling/household-bin-collections/check-your-collection-days
London Borough of Wandsworth,http://www.wandsworth.gov.uk/info/200489/rubbish_and_recycling
Luton Borough Council,https://m.luton.gov.uk/Page/Show/Environment/Rubbish_waste_and_recycling/Pages/Bin-collection.aspx
Maidstone Borough Council,https://maidstone.gov.uk/home/primary-services/bins-and-recycling
Maldon District Council,http://www.maldon.gov.uk/info/200084/recycling_rubbish_and_waste
Malvern Hills District Council,http://swict.malvernhills.gov.uk/mhdcroundlookup/
Manchester City Council,http://www.manchester.gov.uk/bincollections
Mansfield District Council,https://www.mansfield.gov.uk/bins-recycling
Medway Council,https://www.medway.gov.uk/info/200132/waste_and_recycling
Melton Borough Council,http://www.melton.gov.uk/info/524/bin_collection_dates_and_times
Mid and East Antrim Borough Council,https://www.midandeastantrim.gov.uk/resident/waste-recycling/collection-dates
Mid Devon District Council,https://www.middevon.gov.uk/residents/recycling-rubbish/check-collection-dates/
Middlesbrough Borough Council,https://www.middlesbrough.gov.uk/recycling-and-rubbish
Midlothian Council,https://www.midlothian.gov.uk/info/1054/bins_and_recycling/343/bin_collections
Mid Suffolk District Council,http://www.midsuffolk.gov.uk/waste-services/collection-days/
Mid Sussex District Council,https://www.midsussex.gov.uk/waste-recycling/household-rubbish/
Mid Ulster District Council,http://www.midulstercouncil.org/Services/Bins-Recycling
Milton Keynes Council,https://www.milton-keynes.gov.uk/waste-recycling/collection-days
Mole Valley District Council,https://www.molevalley.gov.uk/home/bins-recycling
Monmouthshire County Council,http://www.monmouthshire.gov.uk/home/streets-parking-and-transport/recycling-and-waste/
Neath Port Talbot County Borough Council,http://www.npt.gov.uk/default.aspx?page=7263
Newark and Sherwood District Council,https://app.newark-sherwooddc.gov.uk/bincollection/
Newcastle City Council,https://community2.newcastle.gov.uk/my-neighbourhood/
Newcastle-under-Lyme District Council,http://www.newcastle-staffs.gov.uk/all-services/recycling-and-waste/collection-date-finder
New Forest District Council,https://www.newforest.gov.uk/rubbish
Newport City Council,http://www.newport.gov.uk/en/Waste-Recycling/Bin-collection-days.aspx
"Newry, Mourne and Down District Council",http://www.newrymournedown.org/bin-collection-information-and-calendar
North Ayrshire Council,https://www.north-ayrshire.gov.uk/bins-litter-and-recycling/bins/bin-collection-day.aspx
North Devon Council,http://www.northdevon.gov.uk/bins-and-recycling/collection-dates/
North East Derbyshire District Council,https://www.ne-derbyshire.gov.uk/bins-and-recycling/bin-collection-dates
North East Lincolnshire Council,https://www.nelincs.gov.uk/refuse-collection-schedule/
North Hertfordshire District Council,https://www.north-herts.gov.uk/home/waste-and-recycling
North Kesteven District Council,https://www.n-kesteven.gov.uk/residents/waste-recycling-and-environment/find-information-about-the-waste-service/find-your-bin-collection-days/
North Lanarkshire Council,http://www.northlanarkshire.gov.uk/index.aspx?articleid=7451
North Lincolnshire Council,https://www.northlincs.gov.uk/bins-waste-and-recycling/collection-dates/
North Norfolk District Council,http://www.northnorfolk.org/bincollection/
North Northamptonshire Council,https://www.northnorthants.gov.uk/bins-recycling-and-street-cleaning/bin-collection-day
North Somerset Council,http://www.n-somerset.gov.uk/my-services/waste/rubbish-collections/collection-days-from-june-2018/
North Tyneside Council,https://my.northtyneside.gov.uk/category/80/rubbish-and-recycling
Northumberland County Council,https://www.northumberland.gov.uk/Waste/Bins.aspx#howtoreportamissedbincollection
North Warwickshire Borough Council,https://www.northwarks.gov.uk/info/20004/waste_and_recycling
North West Leicestershire District Council,http://www.nwleics.gov.uk/countyservice_details/home.asp?PID=524
North Yorkshire Council,https://www.northyorks.gov.uk/bins-recycling-and-waste/check-your-bin-collection-day
Norwich City Council,http://www.norwich.gov.uk/WasteAndRecycling/Pages/HowOurServiceWorks.aspx
Nottingham City Council,http://www.nottinghamcity.gov.uk/bin-and-rubbish-collections/check-my-bin-collection-day/
Nuneaton and Bedworth Borough Council,https://www.nuneatonandbedworth.gov.uk/info/20001/rubbish_and_recycling
Oadby and Wigston Borough Council,https://www.oadby-wigston.gov.uk/pages/household_waste_collection
Oldham Metropolitan Borough Council,https://adt.oldham.gov.uk/Forms/bincollectiondates/details
Orkney Islands Council,http://www.orkney.gov.uk/Service-Directory/R/rubbish-and-recycling.htm
Oxford City Council,https://www.oxford.gov.uk/mybinday
Pembrokeshire County Council,https://www.pembrokeshire.gov.uk/waste-and-recycling
Pendle Borough Council,https://www.pendle.gov.uk/info/20001/bins_and_recycling
Perth and Kinross Council,http://www.pkc.gov.uk/bindates
Peterborough City Council,https://www.peterborough.gov.uk/residents/rubbish-and-recycling/bins/
Plymouth City Council,https://www.plymouth.gov.uk/bins-recycling-and-waste
Portsmouth City Council,https://www.portsmouth.gov.uk/ext/bins-rubbish-and-recycling/bins-rubbish-and-recycling.aspx
Powys County Council,http://www.powys.gov.uk/en/bins-rubbish-recycling/report-a-bin-collection-problem/
Preston City Council,https://www.preston.gov.uk/bins
Reading Borough Council,https://www.reading.gov.uk/bin-calendar/
Redcar and Cleveland Borough Council,https://www.redcar-cleveland.gov.uk/resident/bins-waste-and-recycling/Pages/bins-waste-and-recycling.aspx
Redditch Borough Council,http://www.redditchbc.gov.uk/my-place/bins-and-recycling/what-is-my-bin-collection-day.aspx
Reigate and Banstead Borough Council,http://www.reigate-banstead.gov.uk/environment/recycling_rubbish_and_waste/proposals/index.asp
Renfrewshire Council,http://www.renfrewshire.gov.uk/checkyourbincollectionday
Rhondda Cynon Taf County Borough Council,http://www.rctcbc.gov.uk/EN/Resident/BinsandRecycling/BinCollectionDays.aspx
Ribble Valley Borough Council,https://www.ribblevalley.gov.uk/directory/15/find_your_bin_collection_day/search
Rochdale Metropolitan Borough Council,https://www.rochdale.gov.uk/bins
Rochford District Council,https://www.rochford.gov.uk/environment/recycling/bins-and-collections
Rossendale Borough Council,https://www.rossendale.gov.uk/info/210192/find_your_bin_collection_day
Rother District Council,http://www.rother.gov.uk/whenismybinday
Rotherham Metropolitan Borough Council,https://www.rotherham.gov.uk/rubbish-recycling/bin-collections
Royal Borough of Greenwich,http://www.royalgreenwich.gov.uk/info/200084/recycling_rubbish_and_waste/100/kerbside_collection_days
Royal Borough of Kensington and Chelsea,https://www.rbkc.gov.uk/bins-and-recycling
Royal Borough of Kingston upon Thames,http://www.kingston.gov.uk/bin_collection
Royal Borough of Windsor and Maidenhead,https://www.rbwm.gov.uk/environment-and-waste/recycling-and-rubbish
Rugby Borough Council,https://www.rugby.gov.uk/binday
Runnymede Borough Council,https://www.runnymede.gov.uk/article/15324/Check-your-bin-day
Rushcliffe Borough Council,https://eserv.rushcliffe.gov.uk/onlineservices/binrounds/
Rushmoor Borough Council,http://www.rushmoor.gov.uk/article/2061/Information-about-your-bins-and-collections
Rutland County Council,https://www.rutland.gov.uk/my-services/waste-and-recycling/
Salford City Council,https://www.salford.gov.uk/bins
Sandwell Metropolitan Borough Council,http://www.sandwell.gov.uk/info/200160/bins_and_recycling
Scottish Borders Council,https://www.scotborders.gov.uk/info/20001/bins_rubbish_and_recycling/182/bin_collection_days
Sefton Metropolitan Borough Council,http://www.sefton.gov.uk/1821
Sevenoaks District Council,https://selfservice.sevenoaks.gov.uk/do-it-online/ufsmain?formid=REFUSE_COLLECTIONS&ebz=1_1505134748062&ebd=0&ebz=1_1505134748062
Sheffield City Council,https://www.veolia.co.uk/sheffield/collections/collection-day-finder
Shetland Islands Council,http://www.shetland.gov.uk/rubbish-recycling/rubbish-collection.asp
Shropshire Council,https://www.shropshire.gov.uk/recycling-and-rubbish/what-to-do-with/your-collection-service/
Slough Borough Council,https://www.slough.gov.uk/bins-waste-recycling/what-goes-in-bins
Solihull Metropolitan Borough Council,https://www.solihull.gov.uk/Rubbish-and-recycling/Recycling-collections
Southampton City Council,https://www.southampton.gov.uk/bins-recycling/bins/
South Ayrshire Council,http://www.south-ayrshire.gov.uk/bin-day/
South Cambridgeshire District Council,https://www.scambs.gov.uk/bins/
South Derbyshire District Council,https://www.southderbyshire.gov.uk/our-services/recycling-bins-and-waste/bin-collection-dates
Southend-on-Sea City Council,https://www.southend.gov.uk/info/200327/rubbish_and_recycling/223/collection_days_delivery_dates_and_getting_additional_sacks
South Gloucestershire Council,https://beta.southglos.gov.uk/waste-and-recycling-collection-dates/
South Hams District Council,https://www.southhams.gov.uk/recyclingwaste
South Holland District Council,https://forms.sholland.gov.uk/tkflow/Flow.aspx?f=SHDC_MyCollections.kdt&template=SHDCTemplate_Web
South Kesteven District Council,https://pre.southkesteven.gov.uk/BinSearch.aspx?articleid=8930
South Lanarkshire Council,http://www.southlanarkshire.gov.uk/info/200156/bins_and_recycling/1670/bin_collections
South Norfolk District Council,https://www.southnorfolkandbroadland.gov.uk/rubbish/find-bin-collection-day
South Oxfordshire District Council,https://www.southoxon.gov.uk/waste
South Ribble Borough Council,http://www.southribble.gov.uk/
South Staffordshire Council,https://www.sstaffs.gov.uk/bins-recycling/index.cfm
South Tyneside Council,https://www.southtyneside.gov.uk/article/935/Bins-and-recycling
Spelthorne Borough Council,https://www.spelthorne.gov.uk/rubbish
Stafford Borough Council,https://www.staffordbc.gov.uk/binday
Staffordshire Moorlands District Council,https://www.staffsmoorlands.gov.uk/sm/bins
St Albans City and District Council,https://www.stalbans.gov.uk/rubbish-collections
Stevenage Borough Council,http://www.stevenage.gov.uk/recycling-and-waste/refuse-recycling-collections/
St Helens Council,https://secure.sthelens.net/website/CollectionDates.nsf/servlet.xsp/CollectionDatesMenu
Stirling Council,https://my.stirling.gov.uk/bins-waste-recycling/
Stockport Metropolitan Borough Council,https://www.stockport.gov.uk/topic/bins-and-recycling
Stockton-on-Tees Borough Council,https://www.stockton.gov.uk/bins-rubbish-and-recycling
Stoke-on-Trent City Council,https://www.stoke.gov.uk/homepage/121/bin_day_calendar_view
Stratford-on-Avon District Council,https://www.stratford.gov.uk/waste-recycling/help-with-your-collection.cfm
Stroud District Council,https://www.stroud.gov.uk/environment/bins-rubbish-recycling
Sunderland City Council,http://www.sunderland.gov.uk/bindays
Surrey Heath Borough Council,http://www.surreyheath.gov.uk/node/53
Swale Borough Council,http://www.swale.gov.uk/my-collection-day/
Swindon Borough Council,http://www.swindon.gov.uk/householdwaste
Tameside Metropolitan Borough Council,https://www.tameside.gov.uk/recycling
Tamworth Borough Council,https://www.tamworth.gov.uk/bins
Tandridge District Council,https://www.tandridge.gov.uk/Recycling-and-rubbish/Has-your-bin-been-missed
Teignbridge District Council,http://www.teignbridge.gov.uk/bins
Telford & Wrekin Council,http://www.telford.gov.uk/info/1003/bins_and_recycling/221/report_a_missed_bin_collection
Tendring District Council,https://www.tendringdc.gov.uk/recycling-rubbish/check/rubbish-recycling-collection-days
Test Valley Borough Council,http://www.testvalley.gov.uk/
Tewkesbury Borough Council,https://www.tewkesbury.gov.uk/waste-and-recycling?rq=bin%20collection
Thanet District Council,https://www.thanet.gov.uk/online-services/your-collection-day/
The Highland Council,http://www.highland.gov.uk/info/1054/rubbish_and_recycling
The Moray Council,http://bindayfinder.moray.gov.uk/
Three Rivers District Council,http://www.threerivers.gov.uk/Default.aspx/Web/GreenBins
Thurrock Council,https://www.thurrock.gov.uk/wheeled-bin-collection-days
Tonbridge and Malling Borough Council,https://www.tmbc.gov.uk/bins-waste
Torbay Council,http://www.torbay.gov.uk/waste
Torfaen County Borough Council,http://www.torfaen.gov.uk/en/RubbishAndRecycling/Householdwaste-rubbishcollections/Bin-Collection-Days.aspx
Torridge District Council,https://www.torridge.gov.uk/forms/firmstep/wastecalendar.html
Trafford Metropolitan Borough Council,http://www.trafford.gov.uk/bincollections/
Tunbridge Wells Borough Council,https://www.tunbridgewells.gov.uk/bins-and-recycling/check-your-bin-collection-day
Uttlesford District Council,http://bins.uttlesford.gov.uk/
Vale of Glamorgan Council,https://www.valeofglamorgan.gov.uk/
Vale of White Horse District Council,https://www.whitehorsedc.gov.uk/waste
Wakefield Metropolitan District Council,http://www.wakefield.gov.uk/site/where-i-live
Walsall Metropolitan Borough Council,https://go.walsall.gov.uk/bins/check_your_bin_collection_dates
Warrington Borough Council,https://www.warrington.gov.uk/your-next-bin-collection-day
Warwick District Council,http://www.warwickdc.gov.uk/info/20478/refuse_collection
Watford Borough Council,https://watfordbc-self.achieveservice.com/en/service/Bin_collections
Waverley Borough Council,https://www.waverley.gov.uk/bins
Wealden District Council,https://www.wealden.gov.uk/recycling-and-waste/bin-search/
Welwyn Hatfield Council,https://www.welhat.gov.uk/rubbish-recycling/check-bin-collection-day
West Berkshire Council,https://www.westberks.gov.uk/rubbishandrecyclingcollections
West Devon Borough Council,https://www.westdevon.gov.uk/article/4526/Find-your-Recycling-Waste-collection-day
West Dunbartonshire Council,http://www.west-dunbarton.gov.uk/rubbish-and-recycling/bin-collection-day/
West Lancashire Borough Council,http://www.westlancs.gov.uk/refuse-recycling.aspx
West Lindsey District Council,https://www.west-lindsey.gov.uk/bins-waste-recycling/find-your-bin-collection-day
West Lothian Council,https://www.westlothian.gov.uk/bins
West Northamptonshire Council,https://www.westnorthants.gov.uk/bins-recycling-and-street-cleaning/bin-collection-day
West Oxfordshire District Council,https://www.westoxon.gov.uk/report/
West Suffolk District Council,https://www.westsuffolk.gov.uk/bins/newbincollectiondays.cfm
Wigan Metropolitan Borough Council,https://apps.wigan.gov.uk/MyNeighbourhood/
Wiltshire Council,https://ilambassadorformsprod.azurewebsites.net/wastecollectiondays/index
Winchester City Council,http://www.winchester.gov.uk/bins
Wirral Council,https://www.wirral.gov.uk/bins-and-recycling/bin-collection-dates
Woking Borough Council,https://www.woking.gov.uk/waste-and-recycling
Wokingham Borough Council,https://www.wokingham.gov.uk/rubbish-and-recycling/collections/
Worcester City Council,http://selfserve.worcester.gov.uk/wccroundlookup/wcc_search.jsp
Worthing Borough Council,https://www.adur-worthing.gov.uk/bin-day/
Wrexham County Borough Council,https://www.wrexham.gov.uk/services/bins-and-recycling
Wychavon District Council,http://www.wychavon.gov.uk/refuse
Wyre Council,https://www.wyre.gov.uk/bins
Wyre Forest District Council,http://www.wyreforest.gov.uk/wfdcbins.asp
