pcd,lad23cd,lad23nm
"LD1 5AA","W06000023","Powys"
"LD1 5AB","W06000023","Powys"
"LD1 5AD","W06000023","Powys"
"LD1 5AE","W06000023","Powys"
"LD1 5AF","W06000023","Powys"
"LD1 5AG","W06000023","Powys"
"LD1 5AJ","W06000023","Powys"
"LD1 5AL","W06000023","Powys"
"LD1 5AN","W06000023","Powys"
"LD1 5AP","W06000023","Powys"
"LD1 5BA","W06000023","Powys"
"LD1 5BB","W06000023","Powys"
"LD1 5BD","W06000023","Powys"
"LD1 5BE","W06000023","Powys"
"LD1 5BF","W06000023","Powys"
"LD1 5BG","W06000023","Powys"
"LD1 5BH","W06000023","Powys"
"LD1 5BJ","W06000023","Powys"
"LD1 5BL","W06000023","Powys"
"LD1 5BN","W06000023","Powys"
"LD1 5BP","W06000023","Powys"
"LD1 5BQ","W06000023","Powys"
"LD1 5BS","W06000023","Powys"
"LD1 5BT","W06000023","Powys"
"LD1 5BU","W06000023","Powys"
"LD1 5BW","W06000023","Powys"
"LD1 5BX","W06000023","Powys"
"LD1 5BY","W06000023","Powys"
"LD1 5BZ","W06000023","Powys"
"LD1 5DA","W06000023","Powys"
"LD1 5DB","W06000023","Powys"
"LD1 5DD","W06000023","Powys"
"LD1 5DE","W06000023","Powys"
"LD1 5DF","W06000023","Powys"
"LD1 5DG","W06000023","Powys"
"LD1 5DH","W06000023","Powys"
"LD1 5DL","W06000023","Powys"
"LD1 5DN","W06000023","Powys"
"LD1 5DP","W06000023","Powys"
"LD1 5DR","W06000023","Powys"
"LD1 5DS","W06000023","Powys"
"LD1 5DT","W06000023","Powys"
"LD1 5DU","W06000023","Powys"
"LD1 5DW","W06000023","Powys"
"LD1 5DY","W06000023","Powys"
"LD1 5EA","W06000023","Powys"
"LD1 5EB","W06000023","Powys"
"LD1 5ED","W06000023","Powys"
"LD1 5EE","W06000023","Powys"
"LD1 5EF","W06000023","Powys"
"LD1 5EG","W06000023","Powys"
"LD1 5EH","W06000023","Powys"
"LD1 5EL","W06000023","Powys"
"LD1 5EP","W06000023","Powys"
"LD1 5EQ","W06000023","Powys"
"LD1 5ER","W06000023","Powys"
"LD1 5ES","W06000023","Powys"
"LD1 5ET","W06000023","Powys"
"LD1 5EU","W06000023","Powys"
"LD1 5EW","W06000023","Powys"
"LD1 5EX","W06000023","Powys"
"LD1 5EY","W06000023","Powys"
"LD1 5HA","W06000023","Powys"
"LD1 5HB","W06000023","Powys"
"LD1 5HD","W06000023","Powys"
"LD1 5HE","W06000023","Powys"
"LD1 5HF","W06000023","Powys"
"LD1 5HG","W06000023","Powys"
"LD1 5HH","W06000023","Powys"
"LD1 5HJ","W06000023","Powys"
"LD1 5HL","W06000023","Powys"
"LD1 5HN","W06000023","Powys"
"LD1 5HP","W06000023","Powys"
"LD1 5HR","W06000023","Powys"
"LD1 5HS","W06000023","Powys"
"LD1 5HT","W06000023","Powys"
"LD1 5HU","W06000023","Powys"
"LD1 5HW","W06000023","Powys"
"LD1 5HY","W06000023","Powys"
"LD1 5LA","W06000023","Powys"
"LD1 5LB","W06000023","Powys"
"LD1 5LD","W06000023","Powys"
"LD1 5LE","W06000023","Powys"
"LD1 5LF","W06000023","Powys"
"LD1 5LG","W06000023","Powys"
"LD1 5LH","W06000023","Powys"
"LD1 5LJ","W06000023","Powys"
"LD1 5LL","W06000023","Powys"
"LD1 5LN","W06000023","Powys"
"LD1 5LP","W06000023","Powys"
"LD1 5LQ","W06000023","Powys"
"LD1 5LR","W06000023","Powys"
"LD1 5LS","W06000023","Powys"
"LD1 5LT","W06000023","Powys"
"LD1 5LU","W06000023","Powys"
"LD1 5LW","W06000023","Powys"
"LD1 5LX","W06000023","Powys"
"LD1 5LY","W06000023","Powys"
"LD1 5NA","W06000023","Powys"
"LD1 5NB","W06000023","Powys"
"LD1 5ND","W06000023","Powys"
"LD1 5NE","W06000023","Powys"
"LD1 5NF","W06000023","Powys"
"LD1 5NG","W06000023","Powys"
"LD1 5NH","W06000023","Powys"
"LD1 5NJ","W06000023","Powys"
"LD1 5NL","W06000023","Powys"
"LD1 5NN","W06000023","Powys"
"LD1 5NP","W06000023","Powys"
"LD1 5NQ","W06000023","Powys"
"LD1 5NR","W06000023","Powys"
"LD1 5NS","W06000023","Powys"
"LD1 5NT","W06000023","Powys"
"LD1 5NU","W06000023","Powys"
"LD1 5NW","W06000023","Powys"
"LD1 5NX","W06000023","Powys"
"LD1 5NY","W06000023","Powys"
"LD1 5NZ","W06000023","Powys"
"LD1 5PA","W06000023","Powys"
"LD1 5PB","W06000023","Powys"
"LD1 5PD","W06000023","Powys"
"LD1 5PE","W06000023","Powys"
"LD1 5PF","W06000023","Powys"
"LD1 5PG","W06000023","Powys"
"LD1 5PH","W06000023","Powys"
"LD1 5PJ","W06000023","Powys"
"LD1 5PL","W06000023","Powys"
"LD1 5PN","W06000023","Powys"
"LD1 5PP","W06000023","Powys"
"LD1 5PR","W06000023","Powys"
"LD1 5PS","W06000023","Powys"
"LD1 5PT","W06000023","Powys"
"LD1 5PU","W06000023","Powys"
"LD1 5PW","W06000023","Powys"
"LD1 5PY","W06000023","Powys"
"LD1 5RA","W06000023","Powys"
"LD1 5RB","W06000023","Powys"
"LD1 5RD","W06000023","Powys"
"LD1 5RE","W06000023","Powys"
"LD1 5RF","W06000023","Powys"
"LD1 5RG","W06000023","Powys"
"LD1 5RH","W06000023","Powys"
"LD1 5RJ","W06000023","Powys"
"LD1 5RL","W06000023","Powys"
"LD1 5RN","W06000023","Powys"
"LD1 5RP","W06000023","Powys"
"LD1 5RR","W06000023","Powys"
"LD1 5RS","W06000023","Powys"
"LD1 5RT","W06000023","Powys"
"LD1 5RU","W06000023","Powys"
"LD1 5RW","W06000023","Powys"
"LD1 5RY","W06000023","Powys"
"LD1 5SA","W06000023","Powys"
"LD1 5SB","W06000023","Powys"
"LD1 5SD","W06000023","Powys"
"LD1 5SE","W06000023","Powys"
"LD1 5SF","W06000023","Powys"
"LD1 5SG","W06000023","Powys"
"LD1 5SH","W06000023","Powys"
"LD1 5SJ","W06000023","Powys"
"LD1 5SL","W06000023","Powys"
"LD1 5SN","W06000023","Powys"
"LD1 5SP","W06000023","Powys"
"LD1 5SQ","W06000023","Powys"
"LD1 5SR","W06000023","Powys"
"LD1 5SS","W06000023","Powys"
"LD1 5ST","W06000023","Powys"
"LD1 5SU","W06000023","Powys"
"LD1 5SW","W06000023","Powys"
"LD1 5SY","W06000023","Powys"
"LD1 5TA","W06000023","Powys"
"LD1 5TB","W06000023","Powys"
"LD1 5TD","W06000023","Powys"
"LD1 5TE","W06000023","Powys"
"LD1 5TF","W06000023","Powys"
"LD1 5TG","W06000023","Powys"
"LD1 5TH","W06000023","Powys"
"LD1 5TL","W06000023","Powys"
"LD1 5TN","W06000023","Powys"
"LD1 5TP","W06000023","Powys"
"LD1 5TS","W06000023","Powys"
"LD1 5TT","W06000023","Powys"
"LD1 5TU","W06000023","Powys"
"LD1 5TW","W06000023","Powys"
"LD1 5TY","W06000023","Powys"
"LD1 5UA","W06000023","Powys"
"LD1 5UB","W06000023","Powys"
"LD1 5UD","W06000023","Powys"
"LD1 5UE","W06000023","Powys"
"LD1 5UF","W06000023","Powys"
"LD1 5UG","W06000023","Powys"
"LD1 5UH","W06000023","Powys"
"LD1 5UL","W06000023","Powys"
"LD1 5UN","W06000023","Powys"
"LD1 5UP","W06000023","Powys"
"LD1 5UR","W06000023","Powys"
"LD1 5US","W06000023","Powys"
"LD1 5UT","W06000023","Powys"
"LD1 5UW","W06000023","Powys"
"LD1 5WA","W06000023","Powys"
"LD1 5WB","W06000023","Powys"
"LD1 5WD","W06000023","Powys"
"LD1 5WE","W06000023","Powys"
"LD1 5WF","W06000023","Powys"
"LD1 5WG","W06000023","Powys"
"LD1 5WH","W06000023","Powys"
"LD1 5WJ","W06000023","Powys"
"LD1 5WL","W06000023","Powys"
"LD1 5WN","W06000023","Powys"
"LD1 5WP","W06000023","Powys"
"LD1 5WQ","W06000023","Powys"
"LD1 5WR","W06000023","Powys"
"LD1 5WS","W06000023","Powys"
"LD1 5WT","W06000023","Powys"
"LD1 5WU","W06000023","Powys"
"LD1 5WW","W06000023","Powys"
"LD1 5WX","W06000023","Powys"
"LD1 5WY","W06000023","Powys"
"LD1 5WZ","W06000023","Powys"
"LD1 5XY","W06000023","Powys"
"LD1 5XZ","W06000023","Powys"
"LD1 5YA","W06000023","Powys"
"LD1 5YB","W06000023","Powys"
"LD1 5YD","W06000023","Powys"
"LD1 5YE","W06000023","Powys"
"LD1 5YF","W06000023","Powys"
"LD1 5YG","W06000023","Powys"
"LD1 5ZG","W06000023","Powys"
"LD1 5ZR","W06000023","Powys"
"LD1 5ZY","W06000023","Powys"
"LD1 6AA","W06000023","Powys"
"LD1 6AB","W06000023","Powys"
"LD1 6AD","W06000023","Powys"
"LD1 6AE","W06000023","Powys"
"LD1 6AF","W06000023","Powys"
"LD1 6AG","W06000023","Powys"
"LD1 6AH","W06000023","Powys"
"LD1 6AJ","W06000023","Powys"
"LD1 6AL","W06000023","Powys"
"LD1 6AN","W06000023","Powys"
"LD1 6AP","W06000023","Powys"
"LD1 6AQ","W06000023","Powys"
"LD1 6AR","W06000023","Powys"
"LD1 6AS","W06000023","Powys"
"LD1 6AT","W06000023","Powys"
"LD1 6AU","W06000023","Powys"
"LD1 6AW","W06000023","Powys"
"LD1 6AX","W06000023","Powys"
"LD1 6AY","W06000023","Powys"
"LD1 6AZ","W06000023","Powys"
"LD1 6BA","W06000023","Powys"
"LD1 6BB","W06000023","Powys"
"LD1 6BD","W06000023","Powys"
"LD1 6BE","W06000023","Powys"
"LD1 6BF","W06000023","Powys"
"LD1 6BG","W06000023","Powys"
"LD1 6BH","W06000023","Powys"
"LD1 6BJ","W06000023","Powys"
"LD1 6BL","W06000023","Powys"
"LD1 6BN","W06000023","Powys"
"LD1 6BP","W06000023","Powys"
"LD1 6BS","W06000023","Powys"
"LD1 6BT","W06000023","Powys"
"LD1 6BU","W06000023","Powys"
"LD1 6BW","W06000023","Powys"
"LD1 6BX","W06000023","Powys"
"LD1 6BY","W06000023","Powys"
"LD1 6BZ","W06000023","Powys"
"LD1 6DA","W06000023","Powys"
"LD1 6DB","W06000023","Powys"
"LD1 6DD","W06000023","Powys"
"LD1 6DE","W06000023","Powys"
"LD1 6DF","W06000023","Powys"
"LD1 6DG","W06000023","Powys"
"LD1 6DH","W06000023","Powys"
"LD1 6DJ","W06000023","Powys"
"LD1 6DL","W06000023","Powys"
"LD1 6DN","W06000023","Powys"
"LD1 6DP","W06000023","Powys"
"LD1 6DQ","W06000023","Powys"
"LD1 6DR","W06000023","Powys"
"LD1 6DS","W06000023","Powys"
"LD1 6DT","W06000023","Powys"
"LD1 6DU","W06000023","Powys"
"LD1 6DW","W06000023","Powys"
"LD1 6DX","W06000023","Powys"
"LD1 6DY","W06000023","Powys"
"LD1 6DZ","W06000023","Powys"
"LD1 6EA","W06000023","Powys"
"LD1 6EB","W06000023","Powys"
"LD1 6ED","W06000023","Powys"
"LD1 6EE","W06000023","Powys"
"LD1 6EF","W06000023","Powys"
"LD1 6EG","W06000023","Powys"
"LD1 6EH","W06000023","Powys"
"LD1 6EJ","W06000023","Powys"
"LD1 6EL","W06000023","Powys"
"LD1 6EN","W06000023","Powys"
"LD1 6EP","W06000023","Powys"
"LD1 6ER","W06000023","Powys"
"LD1 6ES","W06000023","Powys"
"LD1 6ET","W06000023","Powys"
"LD1 6EU","W06000023","Powys"
"LD1 6EW","W06000023","Powys"
"LD1 6EY","W06000023","Powys"
"LD1 6HA","W06000023","Powys"
"LD1 6HB","W06000023","Powys"
"LD1 6HD","W06000023","Powys"
"LD1 6HE","W06000023","Powys"
"LD1 6HF","W06000023","Powys"
"LD1 6HG","W06000023","Powys"
"LD1 6HH","W06000023","Powys"
"LD1 6HL","W06000023","Powys"
"LD1 6HN","W06000023","Powys"
"LD1 6HP","W06000023","Powys"
"LD1 6HR","W06000023","Powys"
"LD1 6HS","W06000023","Powys"
"LD1 6HT","W06000023","Powys"
"LD1 6HU","W06000023","Powys"
"LD1 6HW","W06000023","Powys"
"LD1 6HY","W06000023","Powys"
"LD1 6LA","W06000023","Powys"
"LD1 6LB","W06000023","Powys"
"LD1 6LD","W06000023","Powys"
"LD1 6LE","W06000023","Powys"
"LD1 6LF","W06000023","Powys"
"LD1 6LG","W06000023","Powys"
"LD1 6LH","W06000023","Powys"
"LD1 6LL","W06000023","Powys"
"LD1 6LN","W06000023","Powys"
"LD1 6LP","W06000023","Powys"
"LD1 6LQ","W06000023","Powys"
"LD1 6LR","W06000023","Powys"
"LD1 6LS","W06000023","Powys"
"LD1 6LT","W06000023","Powys"
"LD1 6LU","W06000023","Powys"
"LD1 6LW","W06000023","Powys"
"LD1 6LX","W06000023","Powys"
"LD1 6LY","W06000023","Powys"
"LD1 6LZ","W06000023","Powys"
"LD1 6NA","W06000023","Powys"
"LD1 6NB","W06000023","Powys"
"LD1 6ND","W06000023","Powys"
"LD1 6NE","W06000023","Powys"
"LD1 6NF","W06000023","Powys"
"LD1 6NG","W06000023","Powys"
"LD1 6NL","W06000023","Powys"
"LD1 6NN","W06000023","Powys"
"LD1 6NP","W06000023","Powys"
"LD1 6NR","W06000023","Powys"
"LD1 6NS","W06000023","Powys"
"LD1 6NT","W06000023","Powys"
"LD1 6NU","W06000023","Powys"
"LD1 6NW","W06000023","Powys"
"LD1 6NY","W06000023","Powys"
"LD1 6PA","W06000023","Powys"
"LD1 6PB","W06000023","Powys"
"LD1 6PD","W06000023","Powys"
"LD1 6PE","W06000023","Powys"
"LD1 6PF","W06000023","Powys"
"LD1 6PG","W06000023","Powys"
"LD1 6PH","W06000023","Powys"
"LD1 6PL","W06000023","Powys"
"LD1 6PN","W06000023","Powys"
"LD1 6PP","W06000023","Powys"
"LD1 6PR","W06000023","Powys"
"LD1 6PS","W06000023","Powys"
"LD1 6PT","W06000023","Powys"
"LD1 6PU","W06000023","Powys"
"LD1 6PW","W06000023","Powys"
"LD1 6RA","W06000023","Powys"
"LD1 6RB","W06000023","Powys"
"LD1 6RD","W06000023","Powys"
"LD1 6RE","W06000023","Powys"
"LD1 6RF","W06000023","Powys"
"LD1 6RG","W06000023","Powys"
"LD1 6RH","W06000023","Powys"
"LD1 6RJ","W06000023","Powys"
"LD1 6RL","W06000023","Powys"
"LD1 6RN","W06000023","Powys"
"LD1 6RP","W06000023","Powys"
"LD1 6RQ","W06000023","Powys"
"LD1 6RR","W06000023","Powys"
"LD1 6RS","W06000023","Powys"
"LD1 6RT","W06000023","Powys"
"LD1 6RU","W06000023","Powys"
"LD1 6RW","W06000023","Powys"
"LD1 6RX","W06000023","Powys"
"LD1 6RY","W06000023","Powys"
"LD1 6SA","W06000023","Powys"
"LD1 6SB","W06000023","Powys"
"LD1 6SD","W06000023","Powys"
"LD1 6SE","W06000023","Powys"
"LD1 6SF","W06000023","Powys"
"LD1 6SG","W06000023","Powys"
"LD1 6SH","W06000023","Powys"
"LD1 6SJ","W06000023","Powys"
"LD1 6SL","W06000023","Powys"
"LD1 6SN","W06000023","Powys"
"LD1 6SP","W06000023","Powys"
"LD1 6SQ","W06000023","Powys"
"LD1 6SR","W06000023","Powys"
"LD1 6SS","W06000023","Powys"
"LD1 6ST","W06000023","Powys"
"LD1 6SW","W06000023","Powys"
"LD1 6SY","W06000023","Powys"
"LD1 6TA","W06000023","Powys"
"LD1 6TB","W06000023","Powys"
"LD1 6TD","W06000023","Powys"
"LD1 6TE","W06000023","Powys"
"LD1 6TF","W06000023","Powys"
"LD1 6TG","W06000023","Powys"
"LD1 6TH","W06000023","Powys"
"LD1 6TJ","W06000023","Powys"
"LD1 6TL","W06000023","Powys"
"LD1 6TN","W06000023","Powys"
"LD1 6TP","W06000023","Powys"
"LD1 6TR","W06000023","Powys"
"LD1 6TS","W06000023","Powys"
"LD1 6TT","W06000023","Powys"
"LD1 6TU","W06000023","Powys"
"LD1 6TW","W06000023","Powys"
"LD1 6TY","W06000023","Powys"
"LD1 6UA","W06000023","Powys"
"LD1 6UB","W06000023","Powys"
"LD1 6UD","W06000023","Powys"
"LD1 6UE","W06000023","Powys"
"LD1 6UF","W06000023","Powys"
"LD1 6UG","W06000023","Powys"
"LD1 6UH","W06000023","Powys"
"LD1 6UL","W06000023","Powys"
"LD1 6UN","W06000023","Powys"
"LD1 6UP","W06000023","Powys"
"LD1 6UR","W06000023","Powys"
"LD1 6UT","W06000023","Powys"
"LD1 6UY","W06000023","Powys"
"LD1 6WA","W06000023","Powys"
"LD1 6WB","W06000023","Powys"
"LD1 6WD","W06000023","Powys"
"LD1 6WE","W06000023","Powys"
"LD1 6WF","W06000023","Powys"
"LD1 6WG","W06000023","Powys"
"LD1 6WH","W06000023","Powys"
"LD1 6WJ","W06000023","Powys"
"LD1 6WL","W06000023","Powys"
"LD1 6WN","W06000023","Powys"
"LD1 6WP","W06000023","Powys"
"LD1 6WQ","W06000023","Powys"
"LD1 6WR","W06000023","Powys"
"LD1 6WU","W06000023","Powys"
"LD1 6WY","W06000023","Powys"
"LD1 6WZ","W06000023","Powys"
"LD1 6XP","W06000023","Powys"
"LD1 6YA","W06000023","Powys"
"LD1 6YB","W06000023","Powys"
"LD1 6YD","W06000023","Powys"
"LD1 6YE","W06000023","Powys"
"LD1 6YF","W06000023","Powys"
"LD1 6YG","W06000023","Powys"
"LD1 6YH","W06000023","Powys"
"LD1 6YL","W06000023","Powys"
"LD1 6YN","W06000023","Powys"
"LD1 6YP","W06000023","Powys"
"LD1 6YR","W06000023","Powys"
"LD1 6YS","W06000023","Powys"
"LD1 6YT","W06000023","Powys"
"LD1 6YW","W06000023","Powys"
"LD1 6ZB","W06000023","Powys"
"LD1 6ZY","W06000023","Powys"
"LD1 9AA","W06000023","Powys"
"LD1 9AB","W06000023","Powys"
"LD1 9AD","W06000023","Powys"
"LD1 9AE","W06000023","Powys"
"LD1 9AF","W06000023","Powys"
"LD1 9AG","W06000023","Powys"
"LD1 9AH","W06000023","Powys"
"LD1 9AJ","W06000023","Powys"
"LD1 9AL","W06000023","Powys"
"LD1 9AN","W06000023","Powys"
"LD1 9AP","W06000023","Powys"
"LD1 9AQ","W06000023","Powys"
"LD1 9AR","W06000023","Powys"
"LD1 9AS","W06000023","Powys"
"LD1 9AT","W06000023","Powys"
"LD1 9AU","W06000023","Powys"
"LD1 9AW","W06000023","Powys"
"LD1 9AX","W06000023","Powys"
"LD1 9AY","W06000023","Powys"
"LD1 9AZ","W06000023","Powys"
"LD1 9BA","W06000023","Powys"
"LD1 9BB","W06000023","Powys"
"LD1 9BD","W06000023","Powys"
"LD1 9BE","W06000023","Powys"
"LD1 9BF","W06000023","Powys"
"LD1 9BG","W06000023","Powys"
"LD1 9BH","W06000023","Powys"
"LD1 9BJ","W06000023","Powys"
"LD1 9BL","W06000023","Powys"
"LD1 9BN","W06000023","Powys"
"LD1 9BP","W06000023","Powys"
"LD1 9BQ","W06000023","Powys"
"LD1 9BS","W06000023","Powys"
"LD1 9BT","W06000023","Powys"
"LD1 9BU","W06000023","Powys"
"LD1 9BW","W06000023","Powys"
"LD1 9BX","W06000023","Powys"
"LD1 9BY","W06000023","Powys"
"LD1 9BZ","W06000023","Powys"
"LD1 9DA","W06000023","Powys"
"LD1 9SA","W06000023","Powys"
"LD1 9SB","W06000023","Powys"
"LD1 9WF","",""
"LD1 9WG","",""
"LD1 9WH","",""
"LD1 9WJ","",""
"LD1 9WL","",""
"LD1 9WN","",""
"LD1 9WP","",""
"LD1 9WQ","",""
"LD1 9WR","",""
"LD1 9WS","",""
"LD1 9WT","",""
"LD1 9WU","",""
"LD1 9WW","",""
"LD1 9WX","",""
"LD1 9WY","",""
"LD1 9WZ","",""
"LD1 9XA","",""
"LD1 9XB","",""
"LD1 9XD","",""
"LD1 9XE","",""
"LD1 9XF","W06000023","Powys"
"LD1 9XG","",""
"LD1 9XH","",""
"LD1 9XJ","",""
"LD1 9XL","",""
"LD1 9XN","",""
"LD1 9XP","",""
"LD1 9XQ","",""
"LD1 9XR","",""
"LD1 9XS","",""
"LD1 9XT","",""
"LD1 9XU","",""
"LD1 9XW","",""
"LD1 9XX","",""
"LD1 9XY","",""
"LD1 9XZ","",""
"LD1 9YA","",""
"LD1 9YB","",""
"LD1 9YD","",""
"LD1 9YE","",""
"LD1 9YF","",""
"LD1 9YG","",""
"LD1 9YH","",""
"LD1 9YJ","",""
"LD1 9YL","",""
"LD1 9YN","",""
"LD1 9YP","",""
"LD1 9YQ","",""
"LD1 9YR","",""
"LD1 9YS","",""
"LD1 9YT","",""
"LD1 9YU","",""
"LD1 9YW","",""
"LD1 9YX","",""
"LD1 9YY","",""
"LD1 9YZ","",""
"LD1 9ZA","",""
"LD1 9ZB","",""
"LD1 9ZD","",""
"LD1 9ZE","",""
"LD1 9ZF","",""
"LD1 9ZG","",""
"LD1 9ZH","",""
"LD1 9ZJ","",""
"LD1 9ZL","",""
"LD1 9ZN","",""
"LD1 9ZP","",""
"LD1 9ZQ","",""
"LD1 9ZR","",""
"LD1 9ZS","",""
"LD1 9ZT","",""
"LD1 9ZU","",""
"LD1 9ZW","",""
"LD1 9ZX","W06000023","Powys"
"LD1 9ZY","W06000023","Powys"
"LD1 9ZZ","W06000023","Powys"
"LD2 3AA","W06000023","Powys"
"LD2 3AB","W06000023","Powys"
"LD2 3AD","W06000023","Powys"
"LD2 3AE","W06000023","Powys"
"LD2 3AF","W06000023","Powys"
"LD2 3AG","W06000023","Powys"
"LD2 3AH","W06000023","Powys"
"LD2 3AJ","W06000023","Powys"
"LD2 3AL","W06000023","Powys"
"LD2 3AN","W06000023","Powys"
"LD2 3AP","W06000023","Powys"
"LD2 3AQ","W06000023","Powys"
"LD2 3AR","W06000023","Powys"
"LD2 3AS","W06000023","Powys"
"LD2 3AT","W06000023","Powys"
"LD2 3AU","W06000023","Powys"
"LD2 3AW","W06000023","Powys"
"LD2 3AX","W06000023","Powys"
"LD2 3AY","W06000023","Powys"
"LD2 3AZ","W06000023","Powys"
"LD2 3BA","W06000023","Powys"
"LD2 3BB","W06000023","Powys"
"LD2 3BD","W06000023","Powys"
"LD2 3BE","W06000023","Powys"
"LD2 3BF","W06000023","Powys"
"LD2 3BG","W06000023","Powys"
"LD2 3BH","W06000023","Powys"
"LD2 3BJ","W06000023","Powys"
"LD2 3BL","W06000023","Powys"
"LD2 3BN","W06000023","Powys"
"LD2 3BP","W06000023","Powys"
"LD2 3BQ","W06000023","Powys"
"LD2 3BS","W06000023","Powys"
"LD2 3BT","W06000023","Powys"
"LD2 3BU","W06000023","Powys"
"LD2 3BW","W06000023","Powys"
"LD2 3BX","W06000023","Powys"
"LD2 3BY","W06000023","Powys"
"LD2 3BZ","W06000023","Powys"
"LD2 3DA","W06000023","Powys"
"LD2 3DB","W06000023","Powys"
"LD2 3DD","W06000023","Powys"
"LD2 3DE","W06000023","Powys"
"LD2 3DF","W06000023","Powys"
"LD2 3DG","W06000023","Powys"
"LD2 3DH","W06000023","Powys"
"LD2 3DJ","W06000023","Powys"
"LD2 3DL","W06000023","Powys"
"LD2 3DN","W06000023","Powys"
"LD2 3DP","W06000023","Powys"
"LD2 3DQ","W06000023","Powys"
"LD2 3DR","W06000023","Powys"
"LD2 3DS","W06000023","Powys"
"LD2 3DT","W06000023","Powys"
"LD2 3DU","W06000023","Powys"
"LD2 3DW","W06000023","Powys"
"LD2 3DX","W06000023","Powys"
"LD2 3DY","W06000023","Powys"
"LD2 3DZ","W06000023","Powys"
"LD2 3EA","W06000023","Powys"
"LD2 3EB","W06000023","Powys"
"LD2 3ED","W06000023","Powys"
"LD2 3EE","W06000023","Powys"
"LD2 3EF","W06000023","Powys"
"LD2 3EG","W06000023","Powys"
"LD2 3EH","W06000023","Powys"
"LD2 3EJ","W06000023","Powys"
"LD2 3EL","W06000023","Powys"
"LD2 3EN","W06000023","Powys"
"LD2 3EP","W06000023","Powys"
"LD2 3EQ","W06000023","Powys"
"LD2 3ER","W06000023","Powys"
"LD2 3ES","W06000023","Powys"
"LD2 3ET","W06000023","Powys"
"LD2 3EU","W06000023","Powys"
"LD2 3EW","W06000023","Powys"
"LD2 3EX","W06000023","Powys"
"LD2 3EY","W06000023","Powys"
"LD2 3EZ","W06000023","Powys"
"LD2 3FA","W06000023","Powys"
"LD2 3FB","W06000023","Powys"
"LD2 3FD","W06000023","Powys"
"LD2 3FE","W06000023","Powys"
"LD2 3FF","W06000023","Powys"
"LD2 3FL","W06000023","Powys"
"LD2 3GA","W06000023","Powys"
"LD2 3GB","W06000023","Powys"
"LD2 3GD","W06000023","Powys"
"LD2 3GE","W06000023","Powys"
"LD2 3GF","W06000023","Powys"
"LD2 3GG","W06000023","Powys"
"LD2 3HA","W06000023","Powys"
"LD2 3HB","W06000023","Powys"
"LD2 3HD","W06000023","Powys"
"LD2 3HE","W06000023","Powys"
"LD2 3HF","W06000023","Powys"
"LD2 3HG","W06000023","Powys"
"LD2 3HH","W06000023","Powys"
"LD2 3HJ","W06000023","Powys"
"LD2 3HL","W06000023","Powys"
"LD2 3HN","W06000023","Powys"
"LD2 3HP","W06000023","Powys"
"LD2 3HQ","W06000023","Powys"
"LD2 3HR","W06000023","Powys"
"LD2 3HS","W06000023","Powys"
"LD2 3HT","W06000023","Powys"
"LD2 3HU","W06000023","Powys"
"LD2 3HW","W06000023","Powys"
"LD2 3HX","W06000023","Powys"
"LD2 3HY","W06000023","Powys"
"LD2 3HZ","W06000023","Powys"
"LD2 3JA","W06000023","Powys"
"LD2 3JB","W06000023","Powys"
"LD2 3JD","W06000023","Powys"
"LD2 3JE","W06000023","Powys"
"LD2 3JF","W06000023","Powys"
"LD2 3JG","W06000023","Powys"
"LD2 3JH","W06000023","Powys"
"LD2 3JJ","W06000023","Powys"
"LD2 3JL","W06000023","Powys"
"LD2 3JN","W06000023","Powys"
"LD2 3JP","W06000023","Powys"
"LD2 3JQ","W06000023","Powys"
"LD2 3JR","W06000023","Powys"
"LD2 3JS","W06000023","Powys"
"LD2 3JT","W06000023","Powys"
"LD2 3JU","W06000023","Powys"
"LD2 3JW","W06000023","Powys"
"LD2 3JX","W06000023","Powys"
"LD2 3JY","W06000023","Powys"
"LD2 3JZ","W06000023","Powys"
"LD2 3LA","W06000023","Powys"
"LD2 3LB","W06000023","Powys"
"LD2 3LD","W06000023","Powys"
"LD2 3LE","W06000023","Powys"
"LD2 3LF","W06000023","Powys"
"LD2 3LG","W06000023","Powys"
"LD2 3LH","W06000023","Powys"
"LD2 3LJ","W06000023","Powys"
"LD2 3LL","W06000023","Powys"
"LD2 3LN","W06000023","Powys"
"LD2 3LP","W06000023","Powys"
"LD2 3LQ","W06000023","Powys"
"LD2 3LR","W06000023","Powys"
"LD2 3LS","W06000023","Powys"
"LD2 3LT","W06000023","Powys"
"LD2 3LU","W06000023","Powys"
"LD2 3LW","W06000023","Powys"
"LD2 3LX","W06000023","Powys"
"LD2 3LY","W06000023","Powys"
"LD2 3LZ","W06000023","Powys"
"LD2 3NA","W06000023","Powys"
"LD2 3NB","W06000023","Powys"
"LD2 3ND","W06000023","Powys"
"LD2 3NE","W06000023","Powys"
"LD2 3NF","W06000023","Powys"
"LD2 3NG","W06000023","Powys"
"LD2 3NH","W06000023","Powys"
"LD2 3NJ","W06000023","Powys"
"LD2 3NL","W06000023","Powys"
"LD2 3NN","W06000023","Powys"
"LD2 3NP","W06000023","Powys"
"LD2 3NQ","W06000023","Powys"
"LD2 3NR","W06000023","Powys"
"LD2 3NS","W06000023","Powys"
"LD2 3NT","W06000023","Powys"
"LD2 3NU","W06000023","Powys"
"LD2 3NW","W06000023","Powys"
"LD2 3NX","W06000023","Powys"
"LD2 3NY","W06000023","Powys"
"LD2 3NZ","W06000023","Powys"
"LD2 3PA","W06000023","Powys"
"LD2 3PB","W06000023","Powys"
"LD2 3PD","W06000023","Powys"
"LD2 3PE","W06000023","Powys"
"LD2 3PF","W06000023","Powys"
"LD2 3PG","W06000023","Powys"
"LD2 3PH","W06000023","Powys"
"LD2 3PJ","W06000023","Powys"
"LD2 3PL","W06000023","Powys"
"LD2 3PN","W06000023","Powys"
"LD2 3PP","W06000023","Powys"
"LD2 3PQ","W06000023","Powys"
"LD2 3PR","W06000023","Powys"
"LD2 3PS","W06000023","Powys"
"LD2 3PT","W06000023","Powys"
"LD2 3PU","W06000023","Powys"
"LD2 3PW","W06000023","Powys"
"LD2 3PX","W06000023","Powys"
"LD2 3PY","W06000023","Powys"
"LD2 3PZ","W06000023","Powys"
"LD2 3RA","W06000023","Powys"
"LD2 3RB","W06000023","Powys"
"LD2 3RD","W06000023","Powys"
"LD2 3RE","W06000023","Powys"
"LD2 3RF","W06000023","Powys"
"LD2 3RG","W06000023","Powys"
"LD2 3RH","W06000023","Powys"
"LD2 3RJ","W06000023","Powys"
"LD2 3RL","W06000023","Powys"
"LD2 3RN","W06000023","Powys"
"LD2 3RP","W06000023","Powys"
"LD2 3RQ","W06000023","Powys"
"LD2 3RR","W06000023","Powys"
"LD2 3RS","W06000023","Powys"
"LD2 3RT","W06000023","Powys"
"LD2 3RU","W06000023","Powys"
"LD2 3RW","W06000023","Powys"
"LD2 3RX","W06000023","Powys"
"LD2 3RY","W06000023","Powys"
"LD2 3RZ","W06000023","Powys"
"LD2 3SA","W06000023","Powys"
"LD2 3SB","W06000023","Powys"
"LD2 3SD","W06000023","Powys"
"LD2 3SE","W06000023","Powys"
"LD2 3SF","W06000023","Powys"
"LD2 3SG","W06000023","Powys"
"LD2 3SH","W06000023","Powys"
"LD2 3SJ","W06000023","Powys"
"LD2 3SL","W06000023","Powys"
"LD2 3SN","W06000023","Powys"
"LD2 3SP","W06000023","Powys"
"LD2 3SQ","W06000023","Powys"
"LD2 3SR","W06000023","Powys"
"LD2 3SS","W06000023","Powys"
"LD2 3ST","W06000023","Powys"
"LD2 3SU","W06000023","Powys"
"LD2 3SW","W06000023","Powys"
"LD2 3SX","W06000023","Powys"
"LD2 3SY","W06000023","Powys"
"LD2 3SZ","W06000023","Powys"
"LD2 3TA","W06000023","Powys"
"LD2 3TB","W06000023","Powys"
"LD2 3TD","W06000023","Powys"
"LD2 3TE","W06000023","Powys"
"LD2 3TF","W06000023","Powys"
"LD2 3TG","W06000023","Powys"
"LD2 3TH","W06000023","Powys"
"LD2 3TJ","W06000023","Powys"
"LD2 3TL","W06000023","Powys"
"LD2 3TN","W06000023","Powys"
"LD2 3TP","W06000023","Powys"
"LD2 3TQ","W06000023","Powys"
"LD2 3TR","W06000023","Powys"
"LD2 3TS","W06000023","Powys"
"LD2 3TT","W06000023","Powys"
"LD2 3TU","W06000023","Powys"
"LD2 3TW","W06000023","Powys"
"LD2 3TX","W06000023","Powys"
"LD2 3TY","W06000023","Powys"
"LD2 3TZ","W06000023","Powys"
"LD2 3UA","W06000023","Powys"
"LD2 3UB","W06000023","Powys"
"LD2 3UD","W06000023","Powys"
"LD2 3UE","W06000023","Powys"
"LD2 3UF","W06000023","Powys"
"LD2 3UG","W06000023","Powys"
"LD2 3UH","W06000023","Powys"
"LD2 3UJ","W06000023","Powys"
"LD2 3UL","W06000023","Powys"
"LD2 3UN","W06000023","Powys"
"LD2 3UP","W06000023","Powys"
"LD2 3UQ","W06000023","Powys"
"LD2 3UR","W06000023","Powys"
"LD2 3US","W06000023","Powys"
"LD2 3UT","W06000023","Powys"
"LD2 3UU","W06000023","Powys"
"LD2 3UW","W06000023","Powys"
"LD2 3UX","W06000023","Powys"
"LD2 3UY","W06000023","Powys"
"LD2 3UZ","W06000023","Powys"
"LD2 3WA","W06000023","Powys"
"LD2 3WB","W06000023","Powys"
"LD2 3WD","W06000023","Powys"
"LD2 3WE","W06000023","Powys"
"LD2 3WF","W06000023","Powys"
"LD2 3WG","W06000023","Powys"
"LD2 3WH","W06000023","Powys"
"LD2 3WJ","W06000023","Powys"
"LD2 3WL","W06000023","Powys"
"LD2 3WN","W06000023","Powys"
"LD2 3WP","W06000023","Powys"
"LD2 3WQ","W06000023","Powys"
"LD2 3WR","W06000023","Powys"
"LD2 3WS","W06000023","Powys"
"LD2 3WT","W06000023","Powys"
"LD2 3WX","W06000023","Powys"
"LD2 3WY","W06000023","Powys"
"LD2 3WZ","W06000023","Powys"
"LD2 3XA","W06000023","Powys"
"LD2 3YA","W06000023","Powys"
"LD2 3YB","W06000023","Powys"
"LD2 3YD","W06000023","Powys"
"LD2 3YE","W06000023","Powys"
"LD2 3YF","W06000023","Powys"
"LD2 3YG","W06000023","Powys"
"LD2 3YJ","W06000023","Powys"
"LD2 3YL","W06000023","Powys"
"LD2 3YN","W06000023","Powys"
"LD2 3YP","W06000023","Powys"
"LD2 3YQ","W06000023","Powys"
"LD2 3YR","W06000023","Powys"
"LD2 3YS","W06000023","Powys"
"LD2 3YT","W06000023","Powys"
"LD2 3YU","W06000023","Powys"
"LD2 3YW","W06000023","Powys"
"LD2 3YX","W06000023","Powys"
"LD2 3YY","W06000023","Powys"
"LD2 9AA","W06000023","Powys"
"LD2 9AB","W06000023","Powys"
"LD2 9AD","",""
"LD2 9AE","W06000023","Powys"
"LD2 9AF","W06000023","Powys"
"LD2 9AG","W06000023","Powys"
"LD2 9AH","W06000023","Powys"
"LD2 9AJ","W06000023","Powys"
"LD2 9AL","W06000023","Powys"
"LD2 9AN","W06000023","Powys"
"LD2 9AP","W06000023","Powys"
"LD2 9AQ","W06000023","Powys"
"LD2 9ZZ","",""
"LD3 0AA","W06000023","Powys"
"LD3 0AB","W06000023","Powys"
"LD3 0AD","W06000023","Powys"
"LD3 0AE","W06000023","Powys"
"LD3 0AF","W06000023","Powys"
"LD3 0AG","W06000023","Powys"
"LD3 0AH","W06000023","Powys"
"LD3 0AJ","W06000023","Powys"
"LD3 0AL","W06000023","Powys"
"LD3 0AN","W06000023","Powys"
"LD3 0AP","W06000023","Powys"
"LD3 0AQ","W06000023","Powys"
"LD3 0AR","W06000023","Powys"
"LD3 0AS","W06000023","Powys"
"LD3 0AT","W06000023","Powys"
"LD3 0AU","W06000023","Powys"
"LD3 0AW","W06000023","Powys"
"LD3 0AX","W06000023","Powys"
"LD3 0AY","W06000023","Powys"
"LD3 0AZ","W06000023","Powys"
"LD3 0BA","W06000023","Powys"
"LD3 0BB","W06000023","Powys"
"LD3 0BD","W06000023","Powys"
"LD3 0BE","W06000023","Powys"
"LD3 0BF","W06000023","Powys"
"LD3 0BG","W06000023","Powys"
"LD3 0BH","W06000023","Powys"
"LD3 0BJ","W06000023","Powys"
"LD3 0BL","W06000023","Powys"
"LD3 0BN","W06000023","Powys"
"LD3 0BP","W06000023","Powys"
"LD3 0BQ","W06000023","Powys"
"LD3 0BR","W06000023","Powys"
"LD3 0BS","W06000023","Powys"
"LD3 0BT","W06000023","Powys"
"LD3 0BU","W06000023","Powys"
"LD3 0BW","W06000023","Powys"
"LD3 0BX","W06000023","Powys"
"LD3 0BY","W06000023","Powys"
"LD3 0BZ","W06000023","Powys"
"LD3 0DA","W06000023","Powys"
"LD3 0DB","W06000023","Powys"
"LD3 0DD","W06000023","Powys"
"LD3 0DE","W06000023","Powys"
"LD3 0DF","W06000023","Powys"
"LD3 0DG","W06000023","Powys"
"LD3 0DH","W06000023","Powys"
"LD3 0DJ","W06000023","Powys"
"LD3 0DL","W06000023","Powys"
"LD3 0DN","W06000023","Powys"
"LD3 0DP","W06000023","Powys"
"LD3 0DQ","W06000023","Powys"
"LD3 0DR","W06000023","Powys"
"LD3 0DS","W06000023","Powys"
"LD3 0DT","W06000023","Powys"
"LD3 0DU","W06000023","Powys"
"LD3 0DW","W06000023","Powys"
"LD3 0DX","W06000023","Powys"
"LD3 0DY","W06000023","Powys"
"LD3 0DZ","W06000023","Powys"
"LD3 0EA","W06000023","Powys"
"LD3 0EB","W06000023","Powys"
"LD3 0ED","W06000023","Powys"
"LD3 0EE","W06000023","Powys"
"LD3 0EF","W06000023","Powys"
"LD3 0EG","W06000023","Powys"
"LD3 0EH","W06000023","Powys"
"LD3 0EJ","W06000023","Powys"
"LD3 0EL","W06000023","Powys"
"LD3 0EN","W06000023","Powys"
"LD3 0EP","W06000023","Powys"
"LD3 0ER","W06000023","Powys"
"LD3 0ES","W06000023","Powys"
"LD3 0ET","W06000023","Powys"
"LD3 0EU","W06000023","Powys"
"LD3 0EW","W06000023","Powys"
"LD3 0EY","W06000023","Powys"
"LD3 0HA","W06000023","Powys"
"LD3 0HB","W06000023","Powys"
"LD3 0HF","W06000023","Powys"
"LD3 0HG","W06000023","Powys"
"LD3 0HH","W06000023","Powys"
"LD3 0HL","W06000023","Powys"
"LD3 0HN","W06000023","Powys"
"LD3 0HP","W06000023","Powys"
"LD3 0HR","W06000023","Powys"
"LD3 0HS","W06000023","Powys"
"LD3 0HT","W06000023","Powys"
"LD3 0HU","W06000023","Powys"
"LD3 0HW","W06000023","Powys"
"LD3 0HX","W06000023","Powys"
"LD3 0HY","W06000023","Powys"
"LD3 0LA","W06000023","Powys"
"LD3 0LB","W06000023","Powys"
"LD3 0LD","W06000023","Powys"
"LD3 0LE","W06000023","Powys"
"LD3 0LF","W06000023","Powys"
"LD3 0LG","W06000023","Powys"
"LD3 0LH","W06000023","Powys"
"LD3 0LJ","W06000023","Powys"
"LD3 0LL","W06000023","Powys"
"LD3 0LN","W06000023","Powys"
"LD3 0LP","W06000023","Powys"
"LD3 0LQ","W06000023","Powys"
"LD3 0LR","W06000023","Powys"
"LD3 0LS","W06000023","Powys"
"LD3 0LT","W06000023","Powys"
"LD3 0LU","W06000023","Powys"
"LD3 0LW","W06000023","Powys"
"LD3 0LX","W06000023","Powys"
"LD3 0LY","W06000023","Powys"
"LD3 0NA","W06000023","Powys"
"LD3 0NB","W06000023","Powys"
"LD3 0ND","W06000023","Powys"
"LD3 0NE","W06000023","Powys"
"LD3 0NF","W06000023","Powys"
"LD3 0NG","W06000023","Powys"
"LD3 0NH","W06000023","Powys"
"LD3 0NL","W06000023","Powys"
"LD3 0NN","W06000023","Powys"
"LD3 0NP","W06000023","Powys"
"LD3 0NR","W06000023","Powys"
"LD3 0NS","W06000023","Powys"
"LD3 0NT","W06000023","Powys"
"LD3 0NU","W06000023","Powys"
"LD3 0NW","W06000023","Powys"
"LD3 0NY","W06000023","Powys"
"LD3 0PA","W06000023","Powys"
"LD3 0PB","W06000023","Powys"
"LD3 0PD","W06000023","Powys"
"LD3 0PE","W06000023","Powys"
"LD3 0PF","W06000023","Powys"
"LD3 0PG","W06000023","Powys"
"LD3 0PH","W06000023","Powys"
"LD3 0PL","W06000023","Powys"
"LD3 0PN","W06000023","Powys"
"LD3 0PP","W06000023","Powys"
"LD3 0PQ","W06000023","Powys"
"LD3 0PR","W06000023","Powys"
"LD3 0PS","W06000023","Powys"
"LD3 0PT","W06000023","Powys"
"LD3 0PU","W06000023","Powys"
"LD3 0PW","W06000023","Powys"
"LD3 0PY","W06000023","Powys"
"LD3 0RA","W06000023","Powys"
"LD3 0RB","W06000023","Powys"
"LD3 0RD","W06000023","Powys"
"LD3 0RE","W06000023","Powys"
"LD3 0RF","W06000023","Powys"
"LD3 0RG","W06000023","Powys"
"LD3 0RH","W06000023","Powys"
"LD3 0RL","W06000023","Powys"
"LD3 0RN","W06000023","Powys"
"LD3 0RP","W06000023","Powys"
"LD3 0RS","W06000023","Powys"
"LD3 0RT","W06000023","Powys"
"LD3 0RU","W06000023","Powys"
"LD3 0RW","W06000023","Powys"
"LD3 0RY","W06000023","Powys"
"LD3 0SA","W06000023","Powys"
"LD3 0SB","W06000023","Powys"
"LD3 0SD","W06000023","Powys"
"LD3 0SE","W06000023","Powys"
"LD3 0SF","W06000023","Powys"
"LD3 0SG","W06000023","Powys"
"LD3 0SH","W06000023","Powys"
"LD3 0SJ","W06000023","Powys"
"LD3 0SL","W06000023","Powys"
"LD3 0SN","W06000023","Powys"
"LD3 0SP","W06000023","Powys"
"LD3 0SQ","W06000023","Powys"
"LD3 0SR","W06000023","Powys"
"LD3 0SS","W06000023","Powys"
"LD3 0ST","W06000023","Powys"
"LD3 0SU","W06000023","Powys"
"LD3 0SW","W06000023","Powys"
"LD3 0SX","W06000023","Powys"
"LD3 0SY","W06000023","Powys"
"LD3 0SZ","W06000023","Powys"
"LD3 0TA","W06000023","Powys"
"LD3 0TB","W06000023","Powys"
"LD3 0TD","W06000023","Powys"
"LD3 0TE","W06000023","Powys"
"LD3 0TF","W06000023","Powys"
"LD3 0TG","W06000023","Powys"
"LD3 0TH","W06000023","Powys"
"LD3 0TL","W06000023","Powys"
"LD3 0TN","W06000023","Powys"
"LD3 0TP","W06000023","Powys"
"LD3 0TR","W06000023","Powys"
"LD3 0TS","W06000023","Powys"
"LD3 0TT","W06000023","Powys"
"LD3 0TU","W06000023","Powys"
"LD3 0TW","W06000023","Powys"
"LD3 0TY","W06000023","Powys"
"LD3 0UA","W06000023","Powys"
"LD3 0UB","W06000023","Powys"
"LD3 0UD","W06000023","Powys"
"LD3 0UE","W06000023","Powys"
"LD3 0UF","W06000023","Powys"
"LD3 0UG","W06000023","Powys"
"LD3 0UH","W06000023","Powys"
"LD3 0UJ","W06000023","Powys"
"LD3 0UL","W06000023","Powys"
"LD3 0UN","W06000023","Powys"
"LD3 0UP","W06000023","Powys"
"LD3 0UR","W06000023","Powys"
"LD3 0US","W06000023","Powys"
"LD3 0UT","W06000023","Powys"
"LD3 0UU","W06000023","Powys"
"LD3 0UW","W06000023","Powys"
"LD3 0UY","W06000023","Powys"
"LD3 0WA","W06000023","Powys"
"LD3 0WB","W06000023","Powys"
"LD3 0WD","W06000023","Powys"
"LD3 0WE","W06000023","Powys"
"LD3 0WF","W06000023","Powys"
"LD3 0WG","W06000023","Powys"
"LD3 0WH","W06000023","Powys"
"LD3 0WJ","W06000023","Powys"
"LD3 0WL","W06000023","Powys"
"LD3 0WN","W06000023","Powys"
"LD3 0WW","W06000023","Powys"
"LD3 0XR","W06000023","Powys"
"LD3 0YA","W06000023","Powys"
"LD3 0YB","W06000023","Powys"
"LD3 0YD","W06000023","Powys"
"LD3 0YE","W06000023","Powys"
"LD3 0YF","W06000023","Powys"
"LD3 0YG","W06000023","Powys"
"LD3 0YH","W06000023","Powys"
"LD3 0YJ","W06000023","Powys"
"LD3 0YL","W06000023","Powys"
"LD3 0YN","W06000023","Powys"
"LD3 0YP","W06000023","Powys"
"LD3 0YQ","W06000023","Powys"
"LD3 0YR","W06000023","Powys"
"LD3 0YS","W06000023","Powys"
"LD3 0YT","W06000023","Powys"
"LD3 0YU","W06000023","Powys"
"LD3 0YW","W06000023","Powys"
"LD3 0YX","W06000023","Powys"
"LD3 0YY","W06000023","Powys"
"LD3 0YZ","W06000023","Powys"
"LD3 3AA","W06000023","Powys"
"LD3 3AB","",""
"LD3 3AD","W06000023","Powys"
"LD3 3AE","W06000023","Powys"
"LD3 3AF","W06000023","Powys"
"LD3 3AG","W06000023","Powys"
"LD3 3AH","W06000023","Powys"
"LD3 3AL","W06000023","Powys"
"LD3 3AN","W06000023","Powys"
"LD3 3AP","W06000023","Powys"
"LD3 3AQ","W06000023","Powys"
"LD3 3AR","W06000023","Powys"
"LD3 3AS","W06000023","Powys"
"LD3 3AT","W06000023","Powys"
"LD3 3AU","W06000023","Powys"
"LD3 3AW","W06000023","Powys"
"LD3 3AX","W06000023","Powys"
"LD3 3AY","W06000023","Powys"
"LD3 3AZ","W06000023","Powys"
"LD3 3BA","W06000023","Powys"
"LD3 3BB","W06000023","Powys"
"LD3 3BD","W06000023","Powys"
"LD3 3BE","W06000023","Powys"
"LD3 3BF","W06000023","Powys"
"LD3 3BG","W06000023","Powys"
"LD3 3BH","W06000023","Powys"
"LD3 3BJ","W06000023","Powys"
"LD3 3BL","W06000023","Powys"
"LD3 3BN","W06000023","Powys"
"LD3 3BP","W06000023","Powys"
"LD3 3BQ","W06000023","Powys"
"LD3 3BR","W06000023","Powys"
"LD3 3BS","W06000023","Powys"
"LD3 3BT","W06000023","Powys"
"LD3 3BX","W06000023","Powys"
"LD3 3BY","W06000023","Powys"
"LD3 3BZ","W06000023","Powys"
"LD3 3DA","W06000023","Powys"
"LD3 3DB","W06000023","Powys"
"LD3 3DD","W06000023","Powys"
"LD3 3DE","W06000023","Powys"
"LD3 3DF","W06000023","Powys"
"LD3 3DG","W06000023","Powys"
"LD3 3DH","W06000023","Powys"
"LD3 3DJ","W06000023","Powys"
"LD3 3DL","W06000023","Powys"
"LD3 3DN","W06000023","Powys"
"LD3 3DP","W06000023","Powys"
"LD3 3DQ","W06000023","Powys"
"LD3 3DR","W06000023","Powys"
"LD3 3ZZ","",""
"LD3 7AA","W06000023","Powys"
"LD3 7AB","W06000023","Powys"
"LD3 7AD","W06000023","Powys"
"LD3 7AE","W06000023","Powys"
"LD3 7AF","W06000023","Powys"
"LD3 7AG","W06000023","Powys"
"LD3 7AH","W06000023","Powys"
"LD3 7AJ","W06000023","Powys"
"LD3 7AL","W06000023","Powys"
"LD3 7AN","W06000023","Powys"
"LD3 7AP","W06000023","Powys"
"LD3 7AQ","W06000023","Powys"
"LD3 7AR","W06000023","Powys"
"LD3 7AS","W06000023","Powys"
"LD3 7AT","W06000023","Powys"
"LD3 7AU","W06000023","Powys"
"LD3 7AW","W06000023","Powys"
"LD3 7AX","W06000023","Powys"
"LD3 7AY","W06000023","Powys"
"LD3 7AZ","W06000023","Powys"
"LD3 7BA","W06000023","Powys"
"LD3 7BB","W06000023","Powys"
"LD3 7BD","W06000023","Powys"
"LD3 7BE","W06000023","Powys"
"LD3 7BF","W06000023","Powys"
"LD3 7BG","W06000023","Powys"
"LD3 7BH","W06000023","Powys"
"LD3 7BJ","W06000023","Powys"
"LD3 7BL","W06000023","Powys"
"LD3 7BN","W06000023","Powys"
"LD3 7BP","W06000023","Powys"
"LD3 7BQ","W06000023","Powys"
"LD3 7BS","W06000023","Powys"
"LD3 7BT","W06000023","Powys"
"LD3 7BU","W06000023","Powys"
"LD3 7BW","W06000023","Powys"
"LD3 7BX","W06000023","Powys"
"LD3 7BY","W06000023","Powys"
"LD3 7BZ","W06000023","Powys"
"LD3 7DA","W06000023","Powys"
"LD3 7DB","W06000023","Powys"
"LD3 7DD","W06000023","Powys"
"LD3 7DE","W06000023","Powys"
"LD3 7DF","W06000023","Powys"
"LD3 7DG","W06000023","Powys"
"LD3 7DH","W06000023","Powys"
"LD3 7DJ","W06000023","Powys"
"LD3 7DL","W06000023","Powys"
"LD3 7DN","W06000023","Powys"
"LD3 7DP","W06000023","Powys"
"LD3 7DQ","W06000023","Powys"
"LD3 7DR","W06000023","Powys"
"LD3 7DS","W06000023","Powys"
"LD3 7DT","W06000023","Powys"
"LD3 7DU","W06000023","Powys"
"LD3 7DW","W06000023","Powys"
"LD3 7DX","W06000023","Powys"
"LD3 7DY","W06000023","Powys"
"LD3 7DZ","W06000023","Powys"
"LD3 7EA","W06000023","Powys"
"LD3 7EB","W06000023","Powys"
"LD3 7ED","W06000023","Powys"
"LD3 7EE","W06000023","Powys"
"LD3 7EF","W06000023","Powys"
"LD3 7EG","W06000023","Powys"
"LD3 7EH","W06000023","Powys"
"LD3 7EJ","W06000023","Powys"
"LD3 7EL","W06000023","Powys"
"LD3 7EN","W06000023","Powys"
"LD3 7EP","W06000023","Powys"
"LD3 7EQ","W06000023","Powys"
"LD3 7ER","W06000023","Powys"
"LD3 7ES","W06000023","Powys"
"LD3 7ET","W06000023","Powys"
"LD3 7EU","W06000023","Powys"
"LD3 7EW","W06000023","Powys"
"LD3 7EX","W06000023","Powys"
"LD3 7EY","W06000023","Powys"
"LD3 7EZ","W06000023","Powys"
"LD3 7FB","W06000023","Powys"
"LD3 7FD","W06000023","Powys"
"LD3 7FE","W06000023","Powys"
"LD3 7FF","W06000023","Powys"
"LD3 7FG","W06000023","Powys"
"LD3 7GA","W06000023","Powys"
"LD3 7HA","W06000023","Powys"
"LD3 7HB","W06000023","Powys"
"LD3 7HD","W06000023","Powys"
"LD3 7HE","W06000023","Powys"
"LD3 7HF","W06000023","Powys"
"LD3 7HG","W06000023","Powys"
"LD3 7HH","W06000023","Powys"
"LD3 7HJ","W06000023","Powys"
"LD3 7HL","W06000023","Powys"
"LD3 7HN","W06000023","Powys"
"LD3 7HP","W06000023","Powys"
"LD3 7HQ","W06000023","Powys"
"LD3 7HR","W06000023","Powys"
"LD3 7HS","W06000023","Powys"
"LD3 7HT","W06000023","Powys"
"LD3 7HU","W06000023","Powys"
"LD3 7HW","W06000023","Powys"
"LD3 7HX","W06000023","Powys"
"LD3 7HY","W06000023","Powys"
"LD3 7HZ","W06000023","Powys"
"LD3 7JA","W06000023","Powys"
"LD3 7JB","W06000023","Powys"
"LD3 7JD","W06000023","Powys"
"LD3 7JE","W06000023","Powys"
"LD3 7JF","W06000023","Powys"
"LD3 7JG","W06000023","Powys"
"LD3 7JH","W06000023","Powys"
"LD3 7JJ","W06000023","Powys"
"LD3 7JL","W06000023","Powys"
"LD3 7JP","W06000023","Powys"
"LD3 7JQ","W06000023","Powys"
"LD3 7JR","W06000023","Powys"
"LD3 7JS","W06000023","Powys"
"LD3 7JT","W06000023","Powys"
"LD3 7JU","W06000023","Powys"
"LD3 7JW","W06000023","Powys"
"LD3 7JZ","W06000023","Powys"
"LD3 7LA","W06000023","Powys"
"LD3 7LB","W06000023","Powys"
"LD3 7LD","W06000023","Powys"
"LD3 7LE","W06000023","Powys"
"LD3 7LF","W06000023","Powys"
"LD3 7LG","W06000023","Powys"
"LD3 7LH","W06000023","Powys"
"LD3 7LJ","W06000023","Powys"
"LD3 7LL","W06000023","Powys"
"LD3 7LN","W06000023","Powys"
"LD3 7LP","W06000023","Powys"
"LD3 7LQ","W06000023","Powys"
"LD3 7LR","W06000023","Powys"
"LD3 7LS","W06000023","Powys"
"LD3 7LT","W06000023","Powys"
"LD3 7LU","W06000023","Powys"
"LD3 7LW","W06000023","Powys"
"LD3 7LX","W06000023","Powys"
"LD3 7LY","W06000023","Powys"
"LD3 7LZ","W06000023","Powys"
"LD3 7NA","W06000023","Powys"
"LD3 7NB","W06000023","Powys"
"LD3 7ND","W06000023","Powys"
"LD3 7NE","W06000023","Powys"
"LD3 7NF","W06000023","Powys"
"LD3 7NG","W06000023","Powys"
"LD3 7NH","W06000023","Powys"
"LD3 7NJ","W06000023","Powys"
"LD3 7NL","W06000023","Powys"
"LD3 7NN","W06000023","Powys"
"LD3 7NP","W06000023","Powys"
"LD3 7NQ","W06000023","Powys"
"LD3 7NR","W06000023","Powys"
"LD3 7NS","W06000023","Powys"
"LD3 7NT","W06000023","Powys"
"LD3 7NU","W06000023","Powys"
"LD3 7NW","W06000023","Powys"
"LD3 7NX","W06000023","Powys"
"LD3 7NY","W06000023","Powys"
"LD3 7NZ","W06000023","Powys"
"LD3 7PA","W06000023","Powys"
"LD3 7PB","W06000023","Powys"
"LD3 7PD","W06000023","Powys"
"LD3 7PE","W06000023","Powys"
"LD3 7PF","W06000023","Powys"
"LD3 7PG","W06000023","Powys"
"LD3 7PJ","W06000023","Powys"
"LD3 7PL","W06000023","Powys"
"LD3 7PN","W06000023","Powys"
"LD3 7PP","W06000023","Powys"
"LD3 7PQ","W06000023","Powys"
"LD3 7PR","W06000023","Powys"
"LD3 7PS","W06000023","Powys"
"LD3 7PT","W06000023","Powys"
"LD3 7PU","W06000023","Powys"
"LD3 7PW","W06000023","Powys"
"LD3 7PX","W06000023","Powys"
"LD3 7PY","W06000023","Powys"
"LD3 7PZ","W06000023","Powys"
"LD3 7QA","W06000023","Powys"
"LD3 7RA","W06000023","Powys"
"LD3 7RB","W06000023","Powys"
"LD3 7RD","W06000023","Powys"
"LD3 7RE","W06000023","Powys"
"LD3 7RF","W06000023","Powys"
"LD3 7RH","W06000023","Powys"
"LD3 7RJ","W06000023","Powys"
"LD3 7RL","W06000023","Powys"
"LD3 7RN","W06000023","Powys"
"LD3 7RP","W06000023","Powys"
"LD3 7RQ","W06000023","Powys"
"LD3 7RR","W06000023","Powys"
"LD3 7RS","W06000023","Powys"
"LD3 7RT","W06000023","Powys"
"LD3 7RU","W06000023","Powys"
"LD3 7RW","W06000023","Powys"
"LD3 7RX","W06000023","Powys"
"LD3 7RY","W06000023","Powys"
"LD3 7RZ","W06000023","Powys"
"LD3 7SA","W06000023","Powys"
"LD3 7SB","W06000023","Powys"
"LD3 7SD","W06000023","Powys"
"LD3 7SE","W06000023","Powys"
"LD3 7SF","W06000023","Powys"
"LD3 7SG","W06000023","Powys"
"LD3 7SH","W06000023","Powys"
"LD3 7SJ","W06000023","Powys"
"LD3 7SL","W06000023","Powys"
"LD3 7SN","W06000023","Powys"
"LD3 7SP","W06000023","Powys"
"LD3 7SQ","W06000023","Powys"
"LD3 7SR","W06000023","Powys"
"LD3 7SS","W06000023","Powys"
"LD3 7ST","W06000023","Powys"
"LD3 7SU","W06000023","Powys"
"LD3 7SW","W06000023","Powys"
"LD3 7SX","W06000023","Powys"
"LD3 7SY","W06000023","Powys"
"LD3 7SZ","W06000023","Powys"
"LD3 7TA","W06000023","Powys"
"LD3 7TB","W06000023","Powys"
"LD3 7TD","W06000023","Powys"
"LD3 7TE","W06000023","Powys"
"LD3 7TF","W06000023","Powys"
"LD3 7TG","W06000023","Powys"
"LD3 7TH","W06000023","Powys"
"LD3 7TJ","W06000023","Powys"
"LD3 7TL","W06000023","Powys"
"LD3 7TN","W06000023","Powys"
"LD3 7TP","W06000023","Powys"
"LD3 7TQ","W06000023","Powys"
"LD3 7TR","W06000023","Powys"
"LD3 7TS","W06000023","Powys"
"LD3 7TT","W06000023","Powys"
"LD3 7TU","W06000023","Powys"
"LD3 7TW","W06000023","Powys"
"LD3 7TX","W06000023","Powys"
"LD3 7TY","W06000023","Powys"
"LD3 7UA","W06000023","Powys"
"LD3 7UB","W06000023","Powys"
"LD3 7UD","W06000023","Powys"
"LD3 7UE","W06000023","Powys"
"LD3 7UF","W06000023","Powys"
"LD3 7UG","W06000023","Powys"
"LD3 7UH","W06000023","Powys"
"LD3 7UJ","W06000023","Powys"
"LD3 7UL","W06000023","Powys"
"LD3 7UN","W06000023","Powys"
"LD3 7UP","W06000023","Powys"
"LD3 7UQ","W06000023","Powys"
"LD3 7UR","W06000023","Powys"
"LD3 7US","W06000023","Powys"
"LD3 7UT","W06000023","Powys"
"LD3 7UU","W06000023","Powys"
"LD3 7UW","W06000023","Powys"
"LD3 7UX","W06000023","Powys"
"LD3 7UY","W06000023","Powys"
"LD3 7UZ","W06000023","Powys"
"LD3 7WB","W06000023","Powys"
"LD3 7WD","W06000023","Powys"
"LD3 7WE","W06000023","Powys"
"LD3 7WF","W06000023","Powys"
"LD3 7WG","W06000023","Powys"
"LD3 7WH","W06000023","Powys"
"LD3 7WJ","W06000023","Powys"
"LD3 7WL","W06000023","Powys"
"LD3 7WN","W06000023","Powys"
"LD3 7WP","W06000023","Powys"
"LD3 7WQ","W06000023","Powys"
"LD3 7WR","W06000023","Powys"
"LD3 7WS","W06000023","Powys"
"LD3 7WT","W06000023","Powys"
"LD3 7WU","W06000023","Powys"
"LD3 7WW","W06000023","Powys"
"LD3 7WX","W06000023","Powys"
"LD3 7WY","W06000023","Powys"
"LD3 7WZ","W06000023","Powys"
"LD3 7XB","W06000023","Powys"
"LD3 7XD","W06000023","Powys"
"LD3 7XE","W06000023","Powys"
"LD3 7XF","W06000023","Powys"
"LD3 7XG","W06000023","Powys"
"LD3 7XH","W06000023","Powys"
"LD3 7XJ","W06000023","Powys"
"LD3 7XL","W06000023","Powys"
"LD3 7XN","W06000023","Powys"
"LD3 7XQ","W06000023","Powys"
"LD3 7XY","W06000023","Powys"
"LD3 7XZ","W06000023","Powys"
"LD3 7YA","W06000023","Powys"
"LD3 7YB","W06000023","Powys"
"LD3 7YD","W06000023","Powys"
"LD3 7YE","W06000023","Powys"
"LD3 7YF","W06000023","Powys"
"LD3 7YG","W06000023","Powys"
"LD3 7YH","W06000023","Powys"
"LD3 7YJ","W06000023","Powys"
"LD3 7YL","W06000023","Powys"
"LD3 7YN","W06000023","Powys"
"LD3 7YP","W06000023","Powys"
"LD3 7YQ","W06000023","Powys"
"LD3 7YR","W06000023","Powys"
"LD3 7YS","W06000023","Powys"
"LD3 7YT","W06000023","Powys"
"LD3 7YU","W06000023","Powys"
"LD3 7YW","W06000023","Powys"
"LD3 7YX","W06000023","Powys"
"LD3 7YY","W06000023","Powys"
"LD3 7YZ","W06000023","Powys"
"LD3 7ZD","W06000023","Powys"
"LD3 7ZH","W06000023","Powys"
"LD3 7ZR","W06000023","Powys"
"LD3 7ZY","W06000023","Powys"
"LD3 7ZZ","W06000023","Powys"
"LD3 8AA","W06000023","Powys"
"LD3 8AB","W06000023","Powys"
"LD3 8AD","W06000023","Powys"
"LD3 8AE","W06000023","Powys"
"LD3 8AF","W06000023","Powys"
"LD3 8AG","W06000023","Powys"
"LD3 8AH","W06000023","Powys"
"LD3 8AJ","W06000023","Powys"
"LD3 8AL","W06000023","Powys"
"LD3 8AN","W06000023","Powys"
"LD3 8AP","W06000023","Powys"
"LD3 8AQ","W06000023","Powys"
"LD3 8AR","W06000023","Powys"
"LD3 8AS","W06000023","Powys"
"LD3 8AT","W06000023","Powys"
"LD3 8AU","W06000023","Powys"
"LD3 8AW","W06000023","Powys"
"LD3 8AY","W06000023","Powys"
"LD3 8BA","W06000023","Powys"
"LD3 8BB","W06000023","Powys"
"LD3 8BD","W06000023","Powys"
"LD3 8BE","W06000023","Powys"
"LD3 8BG","W06000023","Powys"
"LD3 8BH","W06000023","Powys"
"LD3 8BL","W06000023","Powys"
"LD3 8BN","W06000023","Powys"
"LD3 8BT","W06000023","Powys"
"LD3 8BU","W06000023","Powys"
"LD3 8BY","W06000023","Powys"
"LD3 8DA","W06000023","Powys"
"LD3 8DB","W06000023","Powys"
"LD3 8DD","W06000023","Powys"
"LD3 8DE","W06000023","Powys"
"LD3 8DF","W06000023","Powys"
"LD3 8DG","W06000023","Powys"
"LD3 8DH","W06000023","Powys"
"LD3 8DJ","W06000023","Powys"
"LD3 8DL","W06000023","Powys"
"LD3 8DN","W06000023","Powys"
"LD3 8DP","W06000023","Powys"
"LD3 8DQ","W06000023","Powys"
"LD3 8DR","W06000023","Powys"
"LD3 8DS","W06000023","Powys"
"LD3 8DT","W06000023","Powys"
"LD3 8DU","W06000023","Powys"
"LD3 8DW","W06000023","Powys"
"LD3 8DX","W06000023","Powys"
"LD3 8DY","W06000023","Powys"
"LD3 8EA","W06000023","Powys"
"LD3 8EB","W06000023","Powys"
"LD3 8ED","W06000023","Powys"
"LD3 8EE","W06000023","Powys"
"LD3 8EF","W06000023","Powys"
"LD3 8EG","W06000023","Powys"
"LD3 8EH","W06000023","Powys"
"LD3 8EJ","W06000023","Powys"
"LD3 8EL","W06000023","Powys"
"LD3 8EN","W06000023","Powys"
"LD3 8EP","W06000023","Powys"
"LD3 8EQ","W06000023","Powys"
"LD3 8ER","W06000023","Powys"
"LD3 8ES","W06000023","Powys"
"LD3 8ET","W06000023","Powys"
"LD3 8EU","W06000023","Powys"
"LD3 8EW","W06000023","Powys"
"LD3 8EX","W06000023","Powys"
"LD3 8EY","W06000023","Powys"
"LD3 8FB","W06000023","Powys"
"LD3 8HA","W06000023","Powys"
"LD3 8HB","W06000023","Powys"
"LD3 8HD","W06000023","Powys"
"LD3 8HE","W06000023","Powys"
"LD3 8HF","W06000023","Powys"
"LD3 8HG","W06000023","Powys"
"LD3 8HH","W06000023","Powys"
"LD3 8HL","W06000023","Powys"
"LD3 8HN","W06000023","Powys"
"LD3 8HP","W06000023","Powys"
"LD3 8HR","W06000023","Powys"
"LD3 8HS","W06000023","Powys"
"LD3 8HT","W06000023","Powys"
"LD3 8HU","W06000023","Powys"
"LD3 8HW","W06000023","Powys"
"LD3 8LA","W06000023","Powys"
"LD3 8LB","W06000023","Powys"
"LD3 8LD","W06000023","Powys"
"LD3 8LE","W06000023","Powys"
"LD3 8LF","W06000023","Powys"
"LD3 8LG","W06000023","Powys"
"LD3 8LH","W06000023","Powys"
"LD3 8LJ","W06000023","Powys"
"LD3 8LL","W06000023","Powys"
"LD3 8LN","W06000023","Powys"
"LD3 8LP","W06000023","Powys"
"LD3 8LQ","W06000023","Powys"
"LD3 8LR","W06000023","Powys"
"LD3 8LS","W06000023","Powys"
"LD3 8LT","W06000023","Powys"
"LD3 8LU","W06000023","Powys"
"LD3 8LW","W06000023","Powys"
"LD3 8NA","W06000023","Powys"
"LD3 8NB","W06000023","Powys"
"LD3 8ND","W06000023","Powys"
"LD3 8NE","W06000023","Powys"
"LD3 8NF","W06000023","Powys"
"LD3 8NG","W06000023","Powys"
"LD3 8NH","W06000023","Powys"
"LD3 8NL","W06000023","Powys"
"LD3 8NN","W06000023","Powys"
"LD3 8NP","W06000023","Powys"
"LD3 8NR","W06000023","Powys"
"LD3 8NS","W06000023","Powys"
"LD3 8NU","W06000023","Powys"
"LD3 8NW","W06000023","Powys"
"LD3 8PA","W06000023","Powys"
"LD3 8PB","W06000023","Powys"
"LD3 8PD","W06000023","Powys"
"LD3 8PE","W06000023","Powys"
"LD3 8PF","W06000023","Powys"
"LD3 8PG","W06000023","Powys"
"LD3 8PH","W06000023","Powys"
"LD3 8PJ","W06000023","Powys"
"LD3 8PL","W06000023","Powys"
"LD3 8PN","W06000023","Powys"
"LD3 8PP","W06000023","Powys"
"LD3 8PR","W06000023","Powys"
"LD3 8PS","W06000023","Powys"
"LD3 8PT","W06000023","Powys"
"LD3 8PU","W06000023","Powys"
"LD3 8PW","W06000023","Powys"
"LD3 8PY","W06000023","Powys"
"LD3 8RA","W06000023","Powys"
"LD3 8RB","W06000023","Powys"
"LD3 8RD","W06000023","Powys"
"LD3 8RE","W06000023","Powys"
"LD3 8RF","W06000023","Powys"
"LD3 8RG","W06000023","Powys"
"LD3 8RH","W06000023","Powys"
"LD3 8RL","W06000023","Powys"
"LD3 8RP","W06000023","Powys"
"LD3 8RR","W06000023","Powys"
"LD3 8RS","W06000023","Powys"
"LD3 8RT","W06000023","Powys"
"LD3 8RU","W06000023","Powys"
"LD3 8RY","W06000023","Powys"
"LD3 8SA","W06000023","Powys"
"LD3 8SB","W06000023","Powys"
"LD3 8SD","W06000023","Powys"
"LD3 8SE","W06000023","Powys"
"LD3 8SF","W06000023","Powys"
"LD3 8SG","W06000023","Powys"
"LD3 8SH","W06000023","Powys"
"LD3 8SL","W06000023","Powys"
"LD3 8SN","W06000023","Powys"
"LD3 8SP","W06000023","Powys"
"LD3 8SR","W06000023","Powys"
"LD3 8SS","W06000023","Powys"
"LD3 8ST","W06000023","Powys"
"LD3 8SU","W06000023","Powys"
"LD3 8SW","W06000023","Powys"
"LD3 8SY","W06000023","Powys"
"LD3 8TA","W06000023","Powys"
"LD3 8TB","W06000023","Powys"
"LD3 8TD","W06000023","Powys"
"LD3 8TE","W06000023","Powys"
"LD3 8TF","W06000023","Powys"
"LD3 8TG","W06000023","Powys"
"LD3 8TL","W06000023","Powys"
"LD3 8TN","W06000023","Powys"
"LD3 8TP","W06000023","Powys"
"LD3 8TR","W06000023","Powys"
"LD3 8TS","W06000023","Powys"
"LD3 8TT","W06000023","Powys"
"LD3 8TU","W06000023","Powys"
"LD3 8TW","W06000023","Powys"
"LD3 8TY","W06000023","Powys"
"LD3 8UA","W06000023","Powys"
"LD3 8UB","W06000023","Powys"
"LD3 8UD","W06000023","Powys"
"LD3 8UE","W06000023","Powys"
"LD3 8UF","W06000023","Powys"
"LD3 8UG","W06000023","Powys"
"LD3 8UH","W06000023","Powys"
"LD3 8UL","W06000023","Powys"
"LD3 8UN","W06000023","Powys"
"LD3 8UP","W06000023","Powys"
"LD3 8UQ","W06000023","Powys"
"LD3 8UR","W06000023","Powys"
"LD3 8UT","W06000023","Powys"
"LD3 8UU","W06000023","Powys"
"LD3 8UW","W06000023","Powys"
"LD3 8UY","W06000023","Powys"
"LD3 8WA","W06000023","Powys"
"LD3 8WB","W06000023","Powys"
"LD3 8WD","W06000023","Powys"
"LD3 8WE","W06000023","Powys"
"LD3 8WF","W06000023","Powys"
"LD3 8WG","W06000023","Powys"
"LD3 8WH","W06000023","Powys"
"LD3 8WJ","W06000023","Powys"
"LD3 8WL","W06000023","Powys"
"LD3 8WN","W06000023","Powys"
"LD3 8WP","W06000023","Powys"
"LD3 8WQ","W06000023","Powys"
"LD3 8YA","W06000023","Powys"
"LD3 8YB","W06000023","Powys"
"LD3 8YD","W06000023","Powys"
"LD3 8YE","W06000023","Powys"
"LD3 8YF","W06000023","Powys"
"LD3 8YG","W06000023","Powys"
"LD3 8YH","W06000023","Powys"
"LD3 8YJ","W06000023","Powys"
"LD3 8YL","W06000023","Powys"
"LD3 8YN","W06000023","Powys"
"LD3 8YP","W06000023","Powys"
"LD3 8YQ","W06000023","Powys"
"LD3 8YR","W06000023","Powys"
"LD3 8YS","W06000023","Powys"
"LD3 8YT","W06000023","Powys"
"LD3 8YU","W06000023","Powys"
"LD3 8YW","W06000023","Powys"
"LD3 8YX","W06000023","Powys"
"LD3 8YY","W06000023","Powys"
"LD3 9AA","W06000023","Powys"
"LD3 9AB","W06000023","Powys"
"LD3 9AD","W06000023","Powys"
"LD3 9AE","W06000023","Powys"
"LD3 9AF","W06000023","Powys"
"LD3 9AG","W06000023","Powys"
"LD3 9AH","W06000023","Powys"
"LD3 9AJ","W06000023","Powys"
"LD3 9AL","W06000023","Powys"
"LD3 9AN","W06000023","Powys"
"LD3 9AP","W06000023","Powys"
"LD3 9AQ","W06000023","Powys"
"LD3 9AR","W06000023","Powys"
"LD3 9AS","W06000023","Powys"
"LD3 9AT","W06000023","Powys"
"LD3 9AU","W06000023","Powys"
"LD3 9AW","W06000023","Powys"
"LD3 9AX","W06000023","Powys"
"LD3 9AY","W06000023","Powys"
"LD3 9BA","W06000023","Powys"
"LD3 9BB","W06000023","Powys"
"LD3 9BD","W06000023","Powys"
"LD3 9BE","W06000023","Powys"
"LD3 9BG","W06000023","Powys"
"LD3 9BH","W06000023","Powys"
"LD3 9BL","W06000023","Powys"
"LD3 9BN","W06000023","Powys"
"LD3 9BP","W06000023","Powys"
"LD3 9BQ","W06000023","Powys"
"LD3 9BR","W06000023","Powys"
"LD3 9BS","W06000023","Powys"
"LD3 9BT","W06000023","Powys"
"LD3 9BU","W06000023","Powys"
"LD3 9BW","W06000023","Powys"
"LD3 9BY","W06000023","Powys"
"LD3 9DA","W06000023","Powys"
"LD3 9DB","W06000023","Powys"
"LD3 9DD","W06000023","Powys"
"LD3 9DE","W06000023","Powys"
"LD3 9DF","W06000023","Powys"
"LD3 9DG","W06000023","Powys"
"LD3 9DH","W06000023","Powys"
"LD3 9DJ","W06000023","Powys"
"LD3 9DL","W06000023","Powys"
"LD3 9DN","W06000023","Powys"
"LD3 9DP","W06000023","Powys"
"LD3 9DR","W06000023","Powys"
"LD3 9DS","W06000023","Powys"
"LD3 9DT","W06000023","Powys"
"LD3 9DU","W06000023","Powys"
"LD3 9DW","W06000023","Powys"
"LD3 9DX","W06000023","Powys"
"LD3 9DY","W06000023","Powys"
"LD3 9EA","W06000023","Powys"
"LD3 9EB","W06000023","Powys"
"LD3 9ED","W06000023","Powys"
"LD3 9EE","W06000023","Powys"
"LD3 9EF","W06000023","Powys"
"LD3 9EG","W06000023","Powys"
"LD3 9EH","W06000023","Powys"
"LD3 9EL","W06000023","Powys"
"LD3 9EN","W06000023","Powys"
"LD3 9EP","W06000023","Powys"
"LD3 9EQ","W06000023","Powys"
"LD3 9ER","W06000023","Powys"
"LD3 9ES","W06000023","Powys"
"LD3 9ET","W06000023","Powys"
"LD3 9EU","W06000023","Powys"
"LD3 9EW","W06000023","Powys"
"LD3 9EY","W06000023","Powys"
"LD3 9HA","W06000023","Powys"
"LD3 9HB","W06000023","Powys"
"LD3 9HD","W06000023","Powys"
"LD3 9HE","W06000023","Powys"
"LD3 9HF","W06000023","Powys"
"LD3 9HG","W06000023","Powys"
"LD3 9HH","W06000023","Powys"
"LD3 9HJ","W06000023","Powys"
"LD3 9HL","W06000023","Powys"
"LD3 9HN","W06000023","Powys"
"LD3 9HP","W06000023","Powys"
"LD3 9HR","W06000023","Powys"
"LD3 9HS","W06000023","Powys"
"LD3 9HT","W06000023","Powys"
"LD3 9HU","W06000023","Powys"
"LD3 9HW","W06000023","Powys"
"LD3 9HY","W06000023","Powys"
"LD3 9LA","W06000023","Powys"
"LD3 9LB","W06000023","Powys"
"LD3 9LD","W06000023","Powys"
"LD3 9LE","W06000023","Powys"
"LD3 9LF","W06000023","Powys"
"LD3 9LG","W06000023","Powys"
"LD3 9LH","W06000023","Powys"
"LD3 9LL","W06000023","Powys"
"LD3 9LN","W06000023","Powys"
"LD3 9LP","W06000023","Powys"
"LD3 9LR","W06000023","Powys"
"LD3 9LS","W06000023","Powys"
"LD3 9LT","W06000023","Powys"
"LD3 9LU","W06000023","Powys"
"LD3 9LW","W06000023","Powys"
"LD3 9LY","W06000023","Powys"
"LD3 9NA","W06000023","Powys"
"LD3 9NB","W06000023","Powys"
"LD3 9ND","W06000023","Powys"
"LD3 9NE","W06000023","Powys"
"LD3 9NF","W06000023","Powys"
"LD3 9NG","W06000023","Powys"
"LD3 9NH","W06000023","Powys"
"LD3 9NL","W06000023","Powys"
"LD3 9NN","W06000023","Powys"
"LD3 9NP","W06000023","Powys"
"LD3 9NR","W06000023","Powys"
"LD3 9NS","W06000023","Powys"
"LD3 9NT","W06000023","Powys"
"LD3 9NU","W06000023","Powys"
"LD3 9NW","W06000023","Powys"
"LD3 9NY","W06000023","Powys"
"LD3 9PA","W06000023","Powys"
"LD3 9PB","W06000023","Powys"
"LD3 9PD","W06000023","Powys"
"LD3 9PE","W06000023","Powys"
"LD3 9PF","W06000023","Powys"
"LD3 9PG","W06000023","Powys"
"LD3 9PH","W06000023","Powys"
"LD3 9PL","W06000023","Powys"
"LD3 9PN","W06000023","Powys"
"LD3 9PP","W06000023","Powys"
"LD3 9PR","W06000023","Powys"
"LD3 9PS","W06000023","Powys"
"LD3 9PT","W06000023","Powys"
"LD3 9PU","W06000023","Powys"
"LD3 9PW","W06000023","Powys"
"LD3 9PY","W06000023","Powys"
"LD3 9QA","W06000023","Powys"
"LD3 9RA","W06000023","Powys"
"LD3 9RB","W06000023","Powys"
"LD3 9RD","W06000023","Powys"
"LD3 9RE","W06000023","Powys"
"LD3 9RF","W06000023","Powys"
"LD3 9RG","W06000023","Powys"
"LD3 9RH","W06000023","Powys"
"LD3 9RL","W06000023","Powys"
"LD3 9RN","W06000023","Powys"
"LD3 9RP","W06000023","Powys"
"LD3 9RR","W06000023","Powys"
"LD3 9RS","W06000023","Powys"
"LD3 9RT","W06000023","Powys"
"LD3 9RU","W06000023","Powys"
"LD3 9RW","W06000023","Powys"
"LD3 9RY","W06000023","Powys"
"LD3 9SA","W06000023","Powys"
"LD3 9SB","W06000023","Powys"
"LD3 9SD","W06000023","Powys"
"LD3 9SE","W06000023","Powys"
"LD3 9SF","W06000023","Powys"
"LD3 9SG","W06000023","Powys"
"LD3 9SH","W06000023","Powys"
"LD3 9SN","W06000023","Powys"
"LD3 9SP","W06000023","Powys"
"LD3 9SR","W06000023","Powys"
"LD3 9SS","W06000023","Powys"
"LD3 9ST","W06000023","Powys"
"LD3 9SU","W06000023","Powys"
"LD3 9SW","W06000023","Powys"
"LD3 9SX","W06000023","Powys"
"LD3 9SY","W06000023","Powys"
"LD3 9SZ","W06000023","Powys"
"LD3 9TA","W06000023","Powys"
"LD3 9TB","W06000023","Powys"
"LD3 9TD","W06000023","Powys"
"LD3 9TE","W06000023","Powys"
"LD3 9TF","W06000023","Powys"
"LD3 9TG","W06000023","Powys"
"LD3 9TH","W06000023","Powys"
"LD3 9TL","W06000023","Powys"
"LD3 9TN","W06000023","Powys"
"LD3 9TP","W06000023","Powys"
"LD3 9TR","W06000023","Powys"
"LD3 9TS","W06000023","Powys"
"LD3 9TT","W06000023","Powys"
"LD3 9TW","W06000023","Powys"
"LD3 9UA","W06000023","Powys"
"LD3 9UB","W06000023","Powys"
"LD3 9UD","W06000023","Powys"
"LD3 9UE","W06000023","Powys"
"LD3 9UF","W06000023","Powys"
"LD3 9UZ","W06000023","Powys"
"LD3 9WA","W06000023","Powys"
"LD3 9WB","W06000023","Powys"
"LD3 9WD","W06000023","Powys"
"LD3 9WE","W06000023","Powys"
"LD3 9WF","W06000023","Powys"
"LD3 9WG","W06000023","Powys"
"LD3 9WH","W06000023","Powys"
"LD3 9WJ","W06000023","Powys"
"LD3 9WL","W06000023","Powys"
"LD3 9WN","W06000023","Powys"
"LD3 9WP","W06000023","Powys"
"LD3 9WQ","W06000023","Powys"
"LD3 9WR","W06000023","Powys"
"LD3 9WU","W06000023","Powys"
"LD3 9YA","W06000023","Powys"
"LD3 9YB","W06000023","Powys"
"LD3 9YD","W06000023","Powys"
"LD3 9YF","W06000023","Powys"
"LD4 4AA","W06000023","Powys"
"LD4 4AB","W06000023","Powys"
"LD4 4AD","W06000023","Powys"
"LD4 4AE","W06000023","Powys"
"LD4 4AF","W06000023","Powys"
"LD4 4AG","W06000023","Powys"
"LD4 4AH","W06000023","Powys"
"LD4 4AJ","W06000023","Powys"
"LD4 4AL","W06000023","Powys"
"LD4 4AN","W06000023","Powys"
"LD4 4AP","W06000023","Powys"
"LD4 4AR","W06000023","Powys"
"LD4 4AS","W06000023","Powys"
"LD4 4AT","W06000023","Powys"
"LD4 4AU","W06000023","Powys"
"LD4 4AW","W06000023","Powys"
"LD4 4AY","W06000023","Powys"
"LD4 4BA","W06000023","Powys"
"LD4 4BB","W06000023","Powys"
"LD4 4BD","W06000023","Powys"
"LD4 4BE","W06000023","Powys"
"LD4 4BF","W06000023","Powys"
"LD4 4BG","W06000023","Powys"
"LD4 4BH","W06000023","Powys"
"LD4 4BL","W06000023","Powys"
"LD4 4BN","W06000023","Powys"
"LD4 4BP","W06000023","Powys"
"LD4 4BS","W06000023","Powys"
"LD4 4BT","W06000023","Powys"
"LD4 4BU","W06000023","Powys"
"LD4 4BW","W06000023","Powys"
"LD4 4BY","W06000023","Powys"
"LD4 4DA","W06000023","Powys"
"LD4 4DB","W06000023","Powys"
"LD4 4DD","W06000023","Powys"
"LD4 4DE","W06000023","Powys"
"LD4 4DF","W06000023","Powys"
"LD4 4DG","W06000023","Powys"
"LD4 4DH","W06000023","Powys"
"LD4 4DJ","W06000023","Powys"
"LD4 4DL","W06000023","Powys"
"LD4 4DN","W06000023","Powys"
"LD4 4DP","W06000023","Powys"
"LD4 4DQ","W06000023","Powys"
"LD4 4DR","W06000023","Powys"
"LD4 4DS","W06000023","Powys"
"LD4 4DT","W06000023","Powys"
"LD4 4DU","W06000023","Powys"
"LD4 4DW","W06000023","Powys"
"LD4 4EA","W06000023","Powys"
"LD4 4EB","W06000023","Powys"
"LD4 4ED","W06000023","Powys"
"LD4 4EE","W06000023","Powys"
"LD4 4EF","W06000023","Powys"
"LD4 4EG","W06000023","Powys"
"LD4 4EH","W06000023","Powys"
"LD4 4EL","W06000023","Powys"
"LD4 4EN","W06000023","Powys"
"LD4 4EP","W06000023","Powys"
"LD4 4ER","W06000023","Powys"
"LD4 4ES","W06000023","Powys"
"LD4 4EW","W06000023","Powys"
"LD4 4WA","W06000023","Powys"
"LD4 4WB","W06000023","Powys"
"LD5 4AB","W06000023","Powys"
"LD5 4AD","W06000023","Powys"
"LD5 4AE","W06000023","Powys"
"LD5 4AF","W06000023","Powys"
"LD5 4AG","W06000023","Powys"
"LD5 4AH","W06000023","Powys"
"LD5 4BA","W06000023","Powys"
"LD5 4RA","W06000023","Powys"
"LD5 4RB","W06000023","Powys"
"LD5 4RD","W06000023","Powys"
"LD5 4RE","W06000023","Powys"
"LD5 4RF","W06000023","Powys"
"LD5 4RG","W06000023","Powys"
"LD5 4RH","W06000023","Powys"
"LD5 4RJ","W06000023","Powys"
"LD5 4RL","W06000023","Powys"
"LD5 4RN","W06000023","Powys"
"LD5 4RP","W06000023","Powys"
"LD5 4RQ","W06000023","Powys"
"LD5 4RR","W06000023","Powys"
"LD5 4RS","W06000023","Powys"
"LD5 4RT","W06000023","Powys"
"LD5 4RU","W06000023","Powys"
"LD5 4RW","W06000023","Powys"
"LD5 4RX","W06000023","Powys"
"LD5 4RY","W06000023","Powys"
"LD5 4SA","W06000023","Powys"
"LD5 4SB","W06000023","Powys"
"LD5 4SD","W06000023","Powys"
"LD5 4SE","W06000023","Powys"
"LD5 4SF","W06000023","Powys"
"LD5 4SG","W06000023","Powys"
"LD5 4SH","W06000023","Powys"
"LD5 4SL","W06000023","Powys"
"LD5 4SN","W06000023","Powys"
"LD5 4SP","W06000023","Powys"
"LD5 4SR","W06000023","Powys"
"LD5 4SS","W06000023","Powys"
"LD5 4ST","W06000023","Powys"
"LD5 4SU","W06000023","Powys"
"LD5 4SY","W06000023","Powys"
"LD5 4TA","W06000023","Powys"
"LD5 4TB","W06000023","Powys"
"LD5 4TD","W06000023","Powys"
"LD5 4TE","W06000023","Powys"
"LD5 4TH","W06000023","Powys"
"LD5 4TL","W06000023","Powys"
"LD5 4TN","W06000023","Powys"
"LD5 4TP","W06000023","Powys"
"LD5 4TR","W06000023","Powys"
"LD5 4TS","W06000023","Powys"
"LD5 4TT","W06000023","Powys"
"LD5 4TU","W06000023","Powys"
"LD5 4TW","W06000023","Powys"
"LD5 4TY","W06000023","Powys"
"LD5 4UA","W06000023","Powys"
"LD5 4UB","W06000023","Powys"
"LD5 4UD","W06000023","Powys"
"LD5 4UE","W06000023","Powys"
"LD5 4UF","W06000023","Powys"
"LD5 4UG","W06000023","Powys"
"LD5 4UH","W06000023","Powys"
"LD5 4UL","W06000023","Powys"
"LD5 4UN","W06000023","Powys"
"LD5 4UP","W06000023","Powys"
"LD5 4UR","W06000023","Powys"
"LD5 4UT","W06000023","Powys"
"LD5 4UU","W06000023","Powys"
"LD5 4UY","W06000023","Powys"
"LD5 4WA","W06000023","Powys"
"LD5 4WB","W06000023","Powys"
"LD5 4WD","W06000023","Powys"
"LD5 4WE","W06000023","Powys"
"LD5 4YA","W06000023","Powys"
"LD5 4YB","W06000023","Powys"
"LD5 4YD","W06000023","Powys"
"LD5 4YE","W06000023","Powys"
"LD5 4YF","W06000023","Powys"
"LD5 4YG","W06000023","Powys"
"LD5 4YH","W06000023","Powys"
"LD6 5AA","W06000023","Powys"
"LD6 5AB","W06000023","Powys"
"LD6 5AD","W06000023","Powys"
"LD6 5AE","W06000023","Powys"
"LD6 5AF","W06000023","Powys"
"LD6 5AG","W06000023","Powys"
"LD6 5AH","W06000023","Powys"
"LD6 5AL","W06000023","Powys"
"LD6 5AN","W06000023","Powys"
"LD6 5AP","W06000023","Powys"
"LD6 5AR","W06000023","Powys"
"LD6 5AS","W06000023","Powys"
"LD6 5AT","W06000023","Powys"
"LD6 5AU","W06000023","Powys"
"LD6 5AW","W06000023","Powys"
"LD6 5AY","W06000023","Powys"
"LD6 5BA","W06000023","Powys"
"LD6 5BB","W06000023","Powys"
"LD6 5BD","W06000023","Powys"
"LD6 5BE","W06000023","Powys"
"LD6 5BG","W06000023","Powys"
"LD6 5BH","W06000023","Powys"
"LD6 5BL","W06000023","Powys"
"LD6 5BN","W06000023","Powys"
"LD6 5BP","W06000023","Powys"
"LD6 5BT","W06000023","Powys"
"LD6 5BU","W06000023","Powys"
"LD6 5BW","W06000023","Powys"
"LD6 5BY","W06000023","Powys"
"LD6 5DA","W06000023","Powys"
"LD6 5DB","W06000023","Powys"
"LD6 5DD","W06000023","Powys"
"LD6 5DE","W06000023","Powys"
"LD6 5DF","W06000023","Powys"
"LD6 5DG","W06000023","Powys"
"LD6 5DH","W06000023","Powys"
"LD6 5DJ","W06000023","Powys"
"LD6 5DL","W06000023","Powys"
"LD6 5DN","W06000023","Powys"
"LD6 5DP","W06000023","Powys"
"LD6 5DR","W06000023","Powys"
"LD6 5DS","W06000023","Powys"
"LD6 5DT","W06000023","Powys"
"LD6 5DU","W06000023","Powys"
"LD6 5DW","W06000023","Powys"
"LD6 5DY","W06000023","Powys"
"LD6 5DZ","W06000023","Powys"
"LD6 5EA","W06000023","Powys"
"LD6 5EB","W06000023","Powys"
"LD6 5ED","W06000023","Powys"
"LD6 5EE","W06000023","Powys"
"LD6 5EF","W06000023","Powys"
"LD6 5EG","W06000023","Powys"
"LD6 5EH","W06000023","Powys"
"LD6 5EL","W06000023","Powys"
"LD6 5EN","W06000023","Powys"
"LD6 5EP","W06000023","Powys"
"LD6 5ER","W06000023","Powys"
"LD6 5ES","W06000023","Powys"
"LD6 5EU","W06000023","Powys"
"LD6 5EW","W06000023","Powys"
"LD6 5EY","W06000023","Powys"
"LD6 5HA","W06000023","Powys"
"LD6 5HB","W06000023","Powys"
"LD6 5HD","W06000023","Powys"
"LD6 5HE","W06000023","Powys"
"LD6 5HF","W06000023","Powys"
"LD6 5HG","W06000023","Powys"
"LD6 5HH","W06000023","Powys"
"LD6 5HL","W06000023","Powys"
"LD6 5HN","W06000023","Powys"
"LD6 5HP","W06000023","Powys"
"LD6 5HR","W06000023","Powys"
"LD6 5HS","W06000023","Powys"
"LD6 5HT","W06000023","Powys"
"LD6 5HU","W06000023","Powys"
"LD6 5HW","W06000023","Powys"
"LD6 5HY","W06000023","Powys"
"LD6 5LA","W06000023","Powys"
"LD6 5LB","W06000023","Powys"
"LD6 5LD","W06000023","Powys"
"LD6 5LE","W06000023","Powys"
"LD6 5LF","W06000023","Powys"
"LD6 5LG","W06000023","Powys"
"LD6 5LH","W06000023","Powys"
"LD6 5LJ","W06000023","Powys"
"LD6 5LL","W06000023","Powys"
"LD6 5LN","W06000023","Powys"
"LD6 5LP","W06000023","Powys"
"LD6 5LQ","W06000023","Powys"
"LD6 5LR","W06000023","Powys"
"LD6 5LS","W06000023","Powys"
"LD6 5LT","W06000023","Powys"
"LD6 5LU","W06000023","Powys"
"LD6 5LW","W06000023","Powys"
"LD6 5LX","W06000023","Powys"
"LD6 5LY","W06000023","Powys"
"LD6 5LZ","W06000023","Powys"
"LD6 5NA","W06000023","Powys"
"LD6 5NB","W06000023","Powys"
"LD6 5ND","W06000023","Powys"
"LD6 5NE","W06000023","Powys"
"LD6 5NF","W06000023","Powys"
"LD6 5NG","W06000023","Powys"
"LD6 5NH","W06000023","Powys"
"LD6 5NL","W06000023","Powys"
"LD6 5NN","W06000023","Powys"
"LD6 5NP","W06000023","Powys"
"LD6 5NR","W06000023","Powys"
"LD6 5NS","W06000023","Powys"
"LD6 5NT","W06000023","Powys"
"LD6 5NU","W06000023","Powys"
"LD6 5NY","W06000023","Powys"
"LD6 5PA","W06000023","Powys"
"LD6 5PB","W06000023","Powys"
"LD6 5PD","W06000023","Powys"
"LD6 5PE","W06000023","Powys"
"LD6 5PL","W06000023","Powys"
"LD6 5PN","W06000023","Powys"
"LD6 5PP","W06000023","Powys"
"LD6 5PW","W06000023","Powys"
"LD6 5UZ","W06000023","Powys"
"LD6 5WA","W06000023","Powys"
"LD6 5WB","W06000023","Powys"
"LD6 5WD","W06000023","Powys"
"LD6 5WE","W06000023","Powys"
"LD6 5WF","W06000023","Powys"
"LD6 5WG","W06000023","Powys"
"LD6 5WH","W06000023","Powys"
"LD6 5WJ","W06000023","Powys"
"LD6 5WL","W06000023","Powys"
"LD6 5WY","W06000023","Powys"
"LD6 5WZ","W06000023","Powys"
"LD6 5ZB","W06000023","Powys"
"LD7 1AA","W06000023","Powys"
"LD7 1AB","W06000023","Powys"
"LD7 1AD","W06000023","Powys"
"LD7 1AE","W06000023","Powys"
"LD7 1AF","W06000023","Powys"
"LD7 1AG","W06000023","Powys"
"LD7 1AH","W06000023","Powys"
"LD7 1AJ","W06000023","Powys"
"LD7 1AL","W06000023","Powys"
"LD7 1AN","W06000023","Powys"
"LD7 1AP","W06000023","Powys"
"LD7 1AQ","W06000023","Powys"
"LD7 1AR","W06000023","Powys"
"LD7 1AS","W06000023","Powys"
"LD7 1AT","W06000023","Powys"
"LD7 1AU","W06000023","Powys"
"LD7 1AW","W06000023","Powys"
"LD7 1AY","W06000023","Powys"
"LD7 1BA","W06000023","Powys"
"LD7 1BB","W06000023","Powys"
"LD7 1BD","W06000023","Powys"
"LD7 1BE","W06000023","Powys"
"LD7 1BG","W06000023","Powys"
"LD7 1BL","W06000023","Powys"
"LD7 1BP","W06000023","Powys"
"LD7 1BS","W06000023","Powys"
"LD7 1BT","W06000023","Powys"
"LD7 1BU","W06000023","Powys"
"LD7 1BW","W06000023","Powys"
"LD7 1BY","W06000023","Powys"
"LD7 1DA","W06000023","Powys"
"LD7 1DB","W06000023","Powys"
"LD7 1DD","W06000023","Powys"
"LD7 1DE","W06000023","Powys"
"LD7 1DF","W06000023","Powys"
"LD7 1DG","W06000023","Powys"
"LD7 1DH","W06000023","Powys"
"LD7 1DJ","W06000023","Powys"
"LD7 1DL","W06000023","Powys"
"LD7 1DN","W06000023","Powys"
"LD7 1DP","W06000023","Powys"
"LD7 1DQ","W06000023","Powys"
"LD7 1DR","W06000023","Powys"
"LD7 1DS","W06000023","Powys"
"LD7 1DT","W06000023","Powys"
"LD7 1DU","W06000023","Powys"
"LD7 1DW","W06000023","Powys"
"LD7 1DY","E06000051","Shropshire"
"LD7 1EA","E06000051","Shropshire"
"LD7 1EB","W06000023","Powys"
"LD7 1ED","W06000023","Powys"
"LD7 1EE","W06000023","Powys"
"LD7 1EF","W06000023","Powys"
"LD7 1EG","W06000023","Powys"
"LD7 1EH","W06000023","Powys"
"LD7 1EN","W06000023","Powys"
"LD7 1EP","W06000023","Powys"
"LD7 1ER","W06000023","Powys"
"LD7 1ES","W06000023","Powys"
"LD7 1ET","W06000023","Powys"
"LD7 1EU","W06000023","Powys"
"LD7 1EW","W06000023","Powys"
"LD7 1EY","W06000023","Powys"
"LD7 1HA","W06000023","Powys"
"LD7 1HB","W06000023","Powys"
"LD7 1HD","W06000023","Powys"
"LD7 1HE","W06000023","Powys"
"LD7 1HF","W06000023","Powys"
"LD7 1HG","W06000023","Powys"
"LD7 1HH","W06000023","Powys"
"LD7 1HJ","W06000023","Powys"
"LD7 1HL","W06000023","Powys"
"LD7 1HN","W06000023","Powys"
"LD7 1HP","W06000023","Powys"
"LD7 1HQ","W06000023","Powys"
"LD7 1HR","W06000023","Powys"
"LD7 1HS","W06000023","Powys"
"LD7 1HT","W06000023","Powys"
"LD7 1HU","W06000023","Powys"
"LD7 1HW","W06000023","Powys"
"LD7 1HX","W06000023","Powys"
"LD7 1HY","W06000023","Powys"
"LD7 1HZ","W06000023","Powys"
"LD7 1LA","W06000023","Powys"
"LD7 1LB","W06000023","Powys"
"LD7 1LD","W06000023","Powys"
"LD7 1LE","W06000023","Powys"
"LD7 1LF","W06000023","Powys"
"LD7 1LG","W06000023","Powys"
"LD7 1LH","W06000023","Powys"
"LD7 1LJ","W06000023","Powys"
"LD7 1LL","W06000023","Powys"
"LD7 1LN","W06000023","Powys"
"LD7 1LP","W06000023","Powys"
"LD7 1LR","W06000023","Powys"
"LD7 1LS","W06000023","Powys"
"LD7 1LT","W06000023","Powys"
"LD7 1LU","W06000023","Powys"
"LD7 1LW","W06000023","Powys"
"LD7 1LY","W06000023","Powys"
"LD7 1NA","W06000023","Powys"
"LD7 1NB","E06000051","Shropshire"
"LD7 1ND","E06000051","Shropshire"
"LD7 1NE","E06000051","Shropshire"
"LD7 1NF","E06000051","Shropshire"
"LD7 1NG","W06000023","Powys"
"LD7 1NH","W06000023","Powys"
"LD7 1NJ","W06000023","Powys"
"LD7 1NL","W06000023","Powys"
"LD7 1NN","W06000023","Powys"
"LD7 1NP","W06000023","Powys"
"LD7 1NQ","W06000023","Powys"
"LD7 1NR","W06000023","Powys"
"LD7 1NS","W06000023","Powys"
"LD7 1NT","W06000023","Powys"
"LD7 1NU","W06000023","Powys"
"LD7 1NW","W06000023","Powys"
"LD7 1NY","W06000023","Powys"
"LD7 1PA","W06000023","Powys"
"LD7 1PB","W06000023","Powys"
"LD7 1PD","W06000023","Powys"
"LD7 1PE","W06000023","Powys"
"LD7 1PF","W06000023","Powys"
"LD7 1PG","W06000023","Powys"
"LD7 1PH","W06000023","Powys"
"LD7 1PL","W06000023","Powys"
"LD7 1PN","W06000023","Powys"
"LD7 1PP","W06000023","Powys"
"LD7 1PR","W06000023","Powys"
"LD7 1PS","W06000023","Powys"
"LD7 1PT","W06000023","Powys"
"LD7 1PU","W06000023","Powys"
"LD7 1PW","W06000023","Powys"
"LD7 1PY","W06000023","Powys"
"LD7 1PZ","W06000023","Powys"
"LD7 1RA","W06000023","Powys"
"LD7 1RB","W06000023","Powys"
"LD7 1RD","W06000023","Powys"
"LD7 1RE","W06000023","Powys"
"LD7 1RF","W06000023","Powys"
"LD7 1RG","W06000023","Powys"
"LD7 1RH","W06000023","Powys"
"LD7 1RL","W06000023","Powys"
"LD7 1RN","W06000023","Powys"
"LD7 1RP","W06000023","Powys"
"LD7 1RR","W06000023","Powys"
"LD7 1RS","W06000023","Powys"
"LD7 1RT","W06000023","Powys"
"LD7 1RU","W06000023","Powys"
"LD7 1RW","W06000023","Powys"
"LD7 1RY","W06000023","Powys"
"LD7 1SA","W06000023","Powys"
"LD7 1SB","W06000023","Powys"
"LD7 1SD","W06000023","Powys"
"LD7 1SE","W06000023","Powys"
"LD7 1SF","W06000023","Powys"
"LD7 1SG","W06000023","Powys"
"LD7 1SH","W06000023","Powys"
"LD7 1SL","W06000023","Powys"
"LD7 1SN","W06000023","Powys"
"LD7 1SP","W06000023","Powys"
"LD7 1SR","W06000023","Powys"
"LD7 1SS","W06000023","Powys"
"LD7 1ST","W06000023","Powys"
"LD7 1SU","W06000023","Powys"
"LD7 1SW","W06000023","Powys"
"LD7 1SY","W06000023","Powys"
"LD7 1TA","W06000023","Powys"
"LD7 1TB","W06000023","Powys"
"LD7 1TD","W06000023","Powys"
"LD7 1TE","W06000023","Powys"
"LD7 1TN","E06000051","Shropshire"
"LD7 1TP","E06000051","Shropshire"
"LD7 1TR","E06000051","Shropshire"
"LD7 1TS","E06000051","Shropshire"
"LD7 1TT","E06000051","Shropshire"
"LD7 1TU","E06000051","Shropshire"
"LD7 1TW","E06000051","Shropshire"
"LD7 1TY","E06000051","Shropshire"
"LD7 1UA","E06000051","Shropshire"
"LD7 1UB","E06000051","Shropshire"
"LD7 1UD","E06000051","Shropshire"
"LD7 1UE","E06000051","Shropshire"
"LD7 1UF","E06000051","Shropshire"
"LD7 1UG","W06000023","Powys"
"LD7 1UH","W06000023","Powys"
"LD7 1UP","W06000023","Powys"
"LD7 1UR","W06000023","Powys"
"LD7 1UT","W06000023","Powys"
"LD7 1UU","W06000023","Powys"
"LD7 1UW","E06000051","Shropshire"
"LD7 1UY","W06000023","Powys"
"LD7 1WA","W06000023","Powys"
"LD7 1WB","W06000023","Powys"
"LD7 1WD","W06000023","Powys"
"LD7 1WE","W06000023","Powys"
"LD7 1WF","W06000023","Powys"
"LD7 1WG","W06000023","Powys"
"LD7 1WH","W06000023","Powys"
"LD7 1WJ","W06000023","Powys"
"LD7 1WL","W06000023","Powys"
"LD7 1WN","W06000023","Powys"
"LD7 1WP","W06000023","Powys"
"LD7 1WQ","W06000023","Powys"
"LD7 1WR","W06000023","Powys"
"LD7 1WS","W06000023","Powys"
"LD7 1WT","W06000023","Powys"
"LD7 1WU","W06000023","Powys"
"LD7 1WW","W06000023","Powys"
"LD7 1WX","W06000023","Powys"
"LD7 1WY","W06000023","Powys"
"LD7 1WZ","W06000023","Powys"
"LD7 1YA","W06000023","Powys"
"LD7 1YB","W06000023","Powys"
"LD7 1YD","W06000023","Powys"
"LD7 1YE","W06000023","Powys"
"LD7 1YF","W06000023","Powys"
"LD7 1YG","W06000023","Powys"
"LD7 1YH","W06000023","Powys"
"LD7 1YL","W06000023","Powys"
"LD7 1YN","W06000023","Powys"
"LD7 1YP","W06000023","Powys"
"LD7 1YR","W06000023","Powys"
"LD7 1YS","E06000051","Shropshire"
"LD7 1YT","W06000023","Powys"
"LD7 1YU","E06000051","Shropshire"
"LD7 1YW","W06000023","Powys"
"LD7 1YY","E06000051","Shropshire"
"LD7 1ZJ","E06000051","Shropshire"
"LD7 1ZY","W06000023","Powys"
"LD7 9AA","W06000023","Powys"
"LD7 9AB","W06000023","Powys"
"LD7 9AD","W06000023","Powys"
"LD7 9AE","W06000023","Powys"
"LD7 9AF","W06000023","Powys"
"LD7 9AG","W06000023","Powys"
"LD7 9AH","W06000023","Powys"
"LD7 9AJ","W06000023","Powys"
"LD7 9AL","W06000023","Powys"
"LD7 9AN","W06000023","Powys"
"LD7 9AP","W06000023","Powys"
"LD7 9AQ","W06000023","Powys"
"LD7 9ZZ","",""
"LD8 2AA","W06000023","Powys"
"LD8 2AB","W06000023","Powys"
"LD8 2AD","W06000023","Powys"
"LD8 2AE","W06000023","Powys"
"LD8 2AF","W06000023","Powys"
"LD8 2AG","W06000023","Powys"
"LD8 2AH","W06000023","Powys"
"LD8 2AJ","W06000023","Powys"
"LD8 2AL","W06000023","Powys"
"LD8 2AN","W06000023","Powys"
"LD8 2AP","W06000023","Powys"
"LD8 2AQ","W06000023","Powys"
"LD8 2AR","W06000023","Powys"
"LD8 2AS","W06000023","Powys"
"LD8 2AT","W06000023","Powys"
"LD8 2AU","W06000023","Powys"
"LD8 2AW","W06000023","Powys"
"LD8 2AX","W06000023","Powys"
"LD8 2AY","W06000023","Powys"
"LD8 2AZ","W06000023","Powys"
"LD8 2BA","W06000023","Powys"
"LD8 2BB","W06000023","Powys"
"LD8 2BD","W06000023","Powys"
"LD8 2BE","W06000023","Powys"
"LD8 2BG","W06000023","Powys"
"LD8 2BH","W06000023","Powys"
"LD8 2BL","W06000023","Powys"
"LD8 2BN","W06000023","Powys"
"LD8 2BP","W06000023","Powys"
"LD8 2BS","W06000023","Powys"
"LD8 2BT","W06000023","Powys"
"LD8 2BU","W06000023","Powys"
"LD8 2BW","W06000023","Powys"
"LD8 2BY","W06000023","Powys"
"LD8 2DA","W06000023","Powys"
"LD8 2DB","W06000023","Powys"
"LD8 2DD","W06000023","Powys"
"LD8 2DE","W06000023","Powys"
"LD8 2DG","W06000023","Powys"
"LD8 2DH","W06000023","Powys"
"LD8 2DL","W06000023","Powys"
"LD8 2DN","W06000023","Powys"
"LD8 2DP","W06000023","Powys"
"LD8 2DR","W06000023","Powys"
"LD8 2DS","W06000023","Powys"
"LD8 2DT","W06000023","Powys"
"LD8 2DU","W06000023","Powys"
"LD8 2DW","W06000023","Powys"
"LD8 2DX","W06000023","Powys"
"LD8 2DY","W06000023","Powys"
"LD8 2EA","W06000023","Powys"
"LD8 2EB","W06000023","Powys"
"LD8 2ED","W06000023","Powys"
"LD8 2EE","W06000023","Powys"
"LD8 2EF","W06000023","Powys"
"LD8 2EG","W06000023","Powys"
"LD8 2EH","W06000023","Powys"
"LD8 2EL","W06000023","Powys"
"LD8 2EN","W06000023","Powys"
"LD8 2EP","W06000023","Powys"
"LD8 2EQ","W06000023","Powys"
"LD8 2ER","W06000023","Powys"
"LD8 2ES","W06000023","Powys"
"LD8 2ET","W06000023","Powys"
"LD8 2EU","W06000023","Powys"
"LD8 2EW","W06000023","Powys"
"LD8 2EY","W06000023","Powys"
"LD8 2GA","W06000023","Powys"
"LD8 2HA","W06000023","Powys"
"LD8 2HB","W06000023","Powys"
"LD8 2HD","W06000023","Powys"
"LD8 2HE","W06000023","Powys"
"LD8 2HF","W06000023","Powys"
"LD8 2HG","W06000023","Powys"
"LD8 2HH","E06000019","Herefordshire, County of"
"LD8 2HL","E06000019","Herefordshire, County of"
"LD8 2HN","E06000019","Herefordshire, County of"
"LD8 2HP","E06000019","Herefordshire, County of"
"LD8 2HR","E06000019","Herefordshire, County of"
"LD8 2HS","E06000019","Herefordshire, County of"
"LD8 2HT","E06000019","Herefordshire, County of"
"LD8 2HU","E06000019","Herefordshire, County of"
"LD8 2HW","E06000019","Herefordshire, County of"
"LD8 2HX","W06000023","Powys"
"LD8 2HY","E06000019","Herefordshire, County of"
"LD8 2LA","W06000023","Powys"
"LD8 2LB","W06000023","Powys"
"LD8 2LD","W06000023","Powys"
"LD8 2LE","E06000019","Herefordshire, County of"
"LD8 2LF","W06000023","Powys"
"LD8 2LG","E06000019","Herefordshire, County of"
"LD8 2LH","E06000019","Herefordshire, County of"
"LD8 2LJ","E06000019","Herefordshire, County of"
"LD8 2LL","E06000019","Herefordshire, County of"
"LD8 2LN","E06000019","Herefordshire, County of"
"LD8 2LP","E06000019","Herefordshire, County of"
"LD8 2LR","E06000019","Herefordshire, County of"
"LD8 2LS","E06000019","Herefordshire, County of"
"LD8 2LT","E06000019","Herefordshire, County of"
"LD8 2LU","E06000019","Herefordshire, County of"
"LD8 2LW","E06000019","Herefordshire, County of"
"LD8 2LY","E06000019","Herefordshire, County of"
"LD8 2NA","E06000019","Herefordshire, County of"
"LD8 2NB","E06000019","Herefordshire, County of"
"LD8 2ND","E06000019","Herefordshire, County of"
"LD8 2NE","W06000023","Powys"
"LD8 2NF","W06000023","Powys"
"LD8 2NG","W06000023","Powys"
"LD8 2NH","W06000023","Powys"
"LD8 2NJ","W06000023","Powys"
"LD8 2NL","W06000023","Powys"
"LD8 2NN","W06000023","Powys"
"LD8 2NP","W06000023","Powys"
"LD8 2NQ","W06000023","Powys"
"LD8 2NR","W06000023","Powys"
"LD8 2NS","W06000023","Powys"
"LD8 2NT","W06000023","Powys"
"LD8 2NU","W06000023","Powys"
"LD8 2NW","W06000023","Powys"
"LD8 2NX","W06000023","Powys"
"LD8 2NY","W06000023","Powys"
"LD8 2PA","W06000023","Powys"
"LD8 2PB","W06000023","Powys"
"LD8 2PD","W06000023","Powys"
"LD8 2PE","W06000023","Powys"
"LD8 2PF","W06000023","Powys"
"LD8 2PG","W06000023","Powys"
"LD8 2PH","W06000023","Powys"
"LD8 2PL","W06000023","Powys"
"LD8 2PN","W06000023","Powys"
"LD8 2PP","W06000023","Powys"
"LD8 2PR","E06000019","Herefordshire, County of"
"LD8 2PS","E06000019","Herefordshire, County of"
"LD8 2PT","W06000023","Powys"
"LD8 2PU","W06000023","Powys"
"LD8 2PW","W06000023","Powys"
"LD8 2PY","W06000023","Powys"
"LD8 2RA","W06000023","Powys"
"LD8 2RB","W06000023","Powys"
"LD8 2RD","W06000023","Powys"
"LD8 2RE","W06000023","Powys"
"LD8 2RF","W06000023","Powys"
"LD8 2RG","W06000023","Powys"
"LD8 2RH","W06000023","Powys"
"LD8 2RJ","W06000023","Powys"
"LD8 2RL","W06000023","Powys"
"LD8 2RN","W06000023","Powys"
"LD8 2RP","W06000023","Powys"
"LD8 2RR","W06000023","Powys"
"LD8 2RS","W06000023","Powys"
"LD8 2RT","W06000023","Powys"
"LD8 2RU","W06000023","Powys"
"LD8 2RW","W06000023","Powys"
"LD8 2RY","W06000023","Powys"
"LD8 2SA","W06000023","Powys"
"LD8 2SB","W06000023","Powys"
"LD8 2SD","W06000023","Powys"
"LD8 2SE","W06000023","Powys"
"LD8 2SF","W06000023","Powys"
"LD8 2SG","W06000023","Powys"
"LD8 2SH","W06000023","Powys"
"LD8 2SJ","W06000023","Powys"
"LD8 2SL","W06000023","Powys"
"LD8 2SN","W06000023","Powys"
"LD8 2SP","W06000023","Powys"
"LD8 2SQ","W06000023","Powys"
"LD8 2SR","W06000023","Powys"
"LD8 2SS","W06000023","Powys"
"LD8 2ST","W06000023","Powys"
"LD8 2SU","W06000023","Powys"
"LD8 2SW","W06000023","Powys"
"LD8 2SX","W06000023","Powys"
"LD8 2SY","W06000023","Powys"
"LD8 2SZ","W06000023","Powys"
"LD8 2TA","W06000023","Powys"
"LD8 2TB","W06000023","Powys"
"LD8 2TD","W06000023","Powys"
"LD8 2TE","W06000023","Powys"
"LD8 2TF","W06000023","Powys"
"LD8 2TG","W06000023","Powys"
"LD8 2TH","W06000023","Powys"
"LD8 2TL","W06000023","Powys"
"LD8 2TN","W06000023","Powys"
"LD8 2TP","W06000023","Powys"
"LD8 2TR","W06000023","Powys"
"LD8 2TS","W06000023","Powys"
"LD8 2TU","W06000023","Powys"
"LD8 2TW","W06000023","Powys"
"LD8 2UA","W06000023","Powys"
"LD8 2UB","W06000023","Powys"
"LD8 2UF","W06000023","Powys"
"LD8 2UG","W06000023","Powys"
"LD8 2UH","W06000023","Powys"
"LD8 2UN","W06000023","Powys"
"LD8 2WA","W06000023","Powys"
"LD8 2WB","W06000023","Powys"
"LD8 2WD","W06000023","Powys"
"LD8 2WE","W06000023","Powys"
"LD8 2WF","W06000023","Powys"
"LD8 2WG","W06000023","Powys"
"LD8 2WH","W06000023","Powys"
"LD8 2WJ","W06000023","Powys"
"LD8 2WL","W06000023","Powys"
"LD8 2WN","W06000023","Powys"
"LD8 2WP","W06000023","Powys"
"LD8 2YT","W06000023","Powys"
"LD8 2ZE","W06000023","Powys"
"LD8 2ZU","W06000023","Powys"
"LD8 2ZY","W06000023","Powys"
